﻿Metric,Chromosome,scaffolds,Location,Value
Pi,4,monCan3F9.00001,Colorado,0.012332629
Pi,5,monCan3F9.00002,Colorado,0.008942277
Pi,X,monCan3F9.00003,Colorado,0.006148722
Pi,2,monCan3F9.00004,Colorado,0.009948194
Pi,4,monCan3F9.00005,Colorado,0.012032704
Pi,2,monCan3F9.00006,Colorado,0.004457611
Pi,3,monCan3F9.00007,Colorado,0.010135831
Pi,4,monCan3F9.00008,Colorado,0.009135135
Pi,2,monCan3F9.00009,Colorado,0.006713875
Pi,2,monCan3F9.00010,Colorado,0.006275677
Pi,4,monCan3F9.00011,Colorado,0.009882461
Pi,2,monCan3F9.00012,Colorado,0.006701878
Pi,5,monCan3F9.00013,Colorado,0.013068837
Pi,3,monCan3F9.00014,Colorado,0.012914742
Pi,X,monCan3F9.00015,Colorado,0.008435574
Pi,3,monCan3F9.00017,Colorado,0.00892912
Pi,2,monCan3F9.00018,Colorado,0.007113268
Pi,X,monCan3F9.00019,Colorado,0.007378029
Pi,3,monCan3F9.00020,Colorado,0.008947694
Pi,2,monCan3F9.00021,Colorado,0.010434043
Pi,2,monCan3F9.00022,Colorado,0.009481257
Pi,2,monCan3F9.00024,Colorado,0.008517609
Pi,3,monCan3F9.00026,Colorado,0.008507875
Pi,X,monCan3F9.00027,Colorado,0.00867575
Pi,2,monCan3F9.00028,Colorado,0.008040563
Pi,2,monCan3F9.00029,Colorado,0.00941225
Pi,2,monCan3F9.00030,Colorado,0.004169615
Pi,3,monCan3F9.00031,Colorado,0.0081662
Pi,3,monCan3F9.00033,Colorado,0.008356308
Pi,3,monCan3F9.00035,Colorado,0.0120059
Pi,3,monCan3F9.00036,Colorado,0.007002545
Pi,4,monCan3F9.00037,Colorado,0.0123593
Pi,2,monCan3F9.00038,Colorado,0.013317545
Pi,X,monCan3F9.00039,Colorado,0.008679
Pi,3,monCan3F9.00040,Colorado,0.0091868
Pi,X,monCan3F9.00041,Colorado,0.010001857
Pi,X,monCan3F9.00045,Colorado,0.018379167
Pi,X,monCan3F9.00046,Colorado,0.02696975
Pi,4,monCan3F9.00047,Colorado,0.017323667
Pi,X,monCan3F9.00050,Colorado,0.0241425
Pi,3,monCan3F9.00053,Colorado,0.02142
Pi,X,monCan3F9.00058,Colorado,0.008968333
Pi,2,monCan3F9.00059,Colorado,0.0069948
Pi,4,monCan3F9.00063,Colorado,0.022911
Pi,3,monCan3F9.00065,Colorado,0.0078836
Pi,3,monCan3F9.00068,Colorado,0.00692425
Pi,4,monCan3F9.00069,Colorado,0.033816
Pi,2,monCan3F9.00092,Colorado,0.018361667
Pi,4,monCan3F9.00116,Colorado,0.045585
Pi,3,monCan3F9.00186,Colorado,0.008297
Pi,2,monCan3F9.00335,Colorado,0.00361
Pi,2,monCan3F9.00349,Colorado,0.018064
Pi,3,monCan3F9.00391,Colorado,0.00678
Pi,4,monCan3F9.00001,Vancouver,0.010270976
Pi,5,monCan3F9.00002,Vancouver,0.00806186
Pi,X,monCan3F9.00003,Vancouver,0.005839602
Pi,2,monCan3F9.00004,Vancouver,0.009136734
Pi,4,monCan3F9.00005,Vancouver,0.010915728
Pi,2,monCan3F9.00006,Vancouver,0.002615594
Pi,3,monCan3F9.00007,Vancouver,0.00947896
Pi,4,monCan3F9.00008,Vancouver,0.007693255
Pi,2,monCan3F9.00009,Vancouver,0.004669836
Pi,2,monCan3F9.00010,Vancouver,0.004414806
Pi,4,monCan3F9.00011,Vancouver,0.007801486
Pi,2,monCan3F9.00012,Vancouver,0.005034265
Pi,5,monCan3F9.00013,Vancouver,0.012926408
Pi,3,monCan3F9.00014,Vancouver,0.01248768
Pi,X,monCan3F9.00015,Vancouver,0.008150156
Pi,3,monCan3F9.00017,Vancouver,0.008315947
Pi,2,monCan3F9.00018,Vancouver,0.0059195
Pi,X,monCan3F9.00019,Vancouver,0.006704559
Pi,3,monCan3F9.00020,Vancouver,0.007732611
Pi,2,monCan3F9.00021,Vancouver,0.00989242
Pi,2,monCan3F9.00022,Vancouver,0.008676686
Pi,2,monCan3F9.00024,Vancouver,0.007841087
Pi,3,monCan3F9.00026,Vancouver,0.007074125
Pi,X,monCan3F9.00027,Vancouver,0.008217861
Pi,2,monCan3F9.00028,Vancouver,0.007108538
Pi,2,monCan3F9.00029,Vancouver,0.008738875
Pi,2,monCan3F9.00030,Vancouver,0.002545923
Pi,3,monCan3F9.00031,Vancouver,0.007119467
Pi,3,monCan3F9.00033,Vancouver,0.007345583
Pi,3,monCan3F9.00035,Vancouver,0.011439364
Pi,3,monCan3F9.00036,Vancouver,0.007198909
Pi,4,monCan3F9.00037,Vancouver,0.0114978
Pi,2,monCan3F9.00038,Vancouver,0.012303091
Pi,X,monCan3F9.00039,Vancouver,0.007880667
Pi,3,monCan3F9.00040,Vancouver,0.0076447
Pi,X,monCan3F9.00041,Vancouver,0.009209143
Pi,X,monCan3F9.00045,Vancouver,0.01536625
Pi,X,monCan3F9.00046,Vancouver,0.027225
Pi,4,monCan3F9.00047,Vancouver,0.016025
Pi,X,monCan3F9.00050,Vancouver,0.019703667
Pi,3,monCan3F9.00053,Vancouver,0.020058714
Pi,X,monCan3F9.00058,Vancouver,0.007527833
Pi,2,monCan3F9.00059,Vancouver,0.0053416
Pi,4,monCan3F9.00063,Vancouver,0.0235395
Pi,3,monCan3F9.00065,Vancouver,0.0065452
Pi,3,monCan3F9.00068,Vancouver,0.00693875
Pi,4,monCan3F9.00069,Vancouver,0.033884
Pi,2,monCan3F9.00092,Vancouver,0.015915
Pi,4,monCan3F9.00116,Vancouver,0.04405
Pi,3,monCan3F9.00186,Vancouver,0.006434
Pi,2,monCan3F9.00335,Vancouver,0.002584
Pi,2,monCan3F9.00349,Vancouver,0.013109
Pi,3,monCan3F9.00391,Vancouver,0.004866
Pi,4,monCan3F9.00001,Oulanka,0.009275016
Pi,5,monCan3F9.00002,Oulanka,0.006795717
Pi,X,monCan3F9.00003,Oulanka,0.004507215
Pi,2,monCan3F9.00004,Oulanka,0.00747061
Pi,4,monCan3F9.00005,Oulanka,0.009550287
Pi,2,monCan3F9.00006,Oulanka,0.004705241
Pi,3,monCan3F9.00007,Oulanka,0.008018288
Pi,4,monCan3F9.00008,Oulanka,0.007530298
Pi,2,monCan3F9.00009,Oulanka,0.005321164
Pi,2,monCan3F9.00010,Oulanka,0.005066952
Pi,4,monCan3F9.00011,Oulanka,0.00789192
Pi,2,monCan3F9.00012,Oulanka,0.005471469
Pi,5,monCan3F9.00013,Oulanka,0.010307633
Pi,3,monCan3F9.00014,Oulanka,0.010085835
Pi,X,monCan3F9.00015,Oulanka,0.005766313
Pi,3,monCan3F9.00017,Oulanka,0.006488053
Pi,2,monCan3F9.00018,Oulanka,0.005535829
Pi,X,monCan3F9.00019,Oulanka,0.005250174
Pi,3,monCan3F9.00020,Oulanka,0.006940528
Pi,2,monCan3F9.00021,Oulanka,0.008817571
Pi,2,monCan3F9.00022,Oulanka,0.007924371
Pi,2,monCan3F9.00024,Oulanka,0.006790739
Pi,3,monCan3F9.00026,Oulanka,0.006393583
Pi,X,monCan3F9.00027,Oulanka,0.006483556
Pi,2,monCan3F9.00028,Oulanka,0.006419125
Pi,2,monCan3F9.00029,Oulanka,0.008290688
Pi,2,monCan3F9.00030,Oulanka,0.003848846
Pi,3,monCan3F9.00031,Oulanka,0.006332
Pi,3,monCan3F9.00033,Oulanka,0.006540385
Pi,3,monCan3F9.00035,Oulanka,0.010480818
Pi,3,monCan3F9.00036,Oulanka,0.006427182
Pi,4,monCan3F9.00037,Oulanka,0.0107985
Pi,2,monCan3F9.00038,Oulanka,0.011239545
Pi,X,monCan3F9.00039,Oulanka,0.0073511
Pi,3,monCan3F9.00040,Oulanka,0.0073438
Pi,X,monCan3F9.00041,Oulanka,0.007749143
Pi,X,monCan3F9.00045,Oulanka,0.0170944
Pi,X,monCan3F9.00046,Oulanka,0.026529
Pi,4,monCan3F9.00047,Oulanka,0.016532
Pi,X,monCan3F9.00050,Oulanka,0.024597909
Pi,3,monCan3F9.00053,Oulanka,0.021116375
Pi,X,monCan3F9.00058,Oulanka,0.00693
Pi,2,monCan3F9.00059,Oulanka,0.0053172
Pi,4,monCan3F9.00063,Oulanka,0.034249
Pi,3,monCan3F9.00065,Oulanka,0.005782
Pi,3,monCan3F9.00068,Oulanka,0.0070975
Pi,4,monCan3F9.00069,Oulanka,0.035189
Pi,2,monCan3F9.00092,Oulanka,0.017420333
Pi,4,monCan3F9.00116,Oulanka,0.046568
Pi,3,monCan3F9.00186,Oulanka,0.007083
Pi,2,monCan3F9.00335,Oulanka,0.003668
Pi,2,monCan3F9.00349,Oulanka,0.017227
Pi,3,monCan3F9.00391,Oulanka,0.003884
Theta,4,monCan3F9.00001,Colorado,0.012332629
Theta,5,monCan3F9.00002,Colorado,0.008942277
Theta,X,monCan3F9.00003,Colorado,0.006148722
Theta,2,monCan3F9.00004,Colorado,0.009948194
Theta,4,monCan3F9.00005,Colorado,0.012032704
Theta,2,monCan3F9.00006,Colorado,0.004457611
Theta,3,monCan3F9.00007,Colorado,0.010135831
Theta,4,monCan3F9.00008,Colorado,0.009135135
Theta,2,monCan3F9.00009,Colorado,0.006713875
Theta,2,monCan3F9.00010,Colorado,0.006275677
Theta,4,monCan3F9.00011,Colorado,0.009882461
Theta,2,monCan3F9.00012,Colorado,0.006701878
Theta,5,monCan3F9.00013,Colorado,0.013068837
Theta,3,monCan3F9.00014,Colorado,0.012914742
Theta,X,monCan3F9.00015,Colorado,0.008435574
Theta,3,monCan3F9.00017,Colorado,0.00892912
Theta,2,monCan3F9.00018,Colorado,0.007113268
Theta,X,monCan3F9.00019,Colorado,0.007378029
Theta,3,monCan3F9.00020,Colorado,0.008947694
Theta,2,monCan3F9.00021,Colorado,0.010434043
Theta,2,monCan3F9.00022,Colorado,0.009481257
Theta,2,monCan3F9.00024,Colorado,0.008517609
Theta,3,monCan3F9.00026,Colorado,0.008507875
Theta,X,monCan3F9.00027,Colorado,0.00867575
Theta,2,monCan3F9.00028,Colorado,0.008040563
Theta,2,monCan3F9.00029,Colorado,0.00941225
Theta,2,monCan3F9.00030,Colorado,0.004169615
Theta,3,monCan3F9.00031,Colorado,0.0081662
Theta,3,monCan3F9.00033,Colorado,0.008356308
Theta,3,monCan3F9.00035,Colorado,0.0120059
Theta,3,monCan3F9.00036,Colorado,0.007002545
Theta,4,monCan3F9.00037,Colorado,0.0123593
Theta,2,monCan3F9.00038,Colorado,0.013317545
Theta,X,monCan3F9.00039,Colorado,0.008679
Theta,3,monCan3F9.00040,Colorado,0.0091868
Theta,X,monCan3F9.00041,Colorado,0.010001857
Theta,X,monCan3F9.00045,Colorado,0.018379167
Theta,X,monCan3F9.00046,Colorado,0.02696975
Theta,4,monCan3F9.00047,Colorado,0.017323667
Theta,X,monCan3F9.00050,Colorado,0.0241425
Theta,3,monCan3F9.00053,Colorado,0.02142
Theta,X,monCan3F9.00058,Colorado,0.008968333
Theta,2,monCan3F9.00059,Colorado,0.0069948
Theta,4,monCan3F9.00063,Colorado,0.022911
Theta,3,monCan3F9.00065,Colorado,0.0078836
Theta,3,monCan3F9.00068,Colorado,0.00692425
Theta,4,monCan3F9.00069,Colorado,0.033816
Theta,2,monCan3F9.00092,Colorado,0.018361667
Theta,4,monCan3F9.00116,Colorado,0.045585
Theta,3,monCan3F9.00186,Colorado,0.008297
Theta,2,monCan3F9.00335,Colorado,0.00361
Theta,2,monCan3F9.00349,Colorado,0.018064
Theta,3,monCan3F9.00391,Colorado,0.00678
Theta,4,monCan3F9.00001,Vancouver,0.010270976
Theta,5,monCan3F9.00002,Vancouver,0.00806186
Theta,X,monCan3F9.00003,Vancouver,0.005839602
Theta,2,monCan3F9.00004,Vancouver,0.009136734
Theta,4,monCan3F9.00005,Vancouver,0.010915728
Theta,2,monCan3F9.00006,Vancouver,0.002615594
Theta,3,monCan3F9.00007,Vancouver,0.00947896
Theta,4,monCan3F9.00008,Vancouver,0.007693255
Theta,2,monCan3F9.00009,Vancouver,0.004669836
Theta,2,monCan3F9.00010,Vancouver,0.004414806
Theta,4,monCan3F9.00011,Vancouver,0.007801486
Theta,2,monCan3F9.00012,Vancouver,0.005034265
Theta,5,monCan3F9.00013,Vancouver,0.012926408
Theta,3,monCan3F9.00014,Vancouver,0.01248768
Theta,X,monCan3F9.00015,Vancouver,0.008150156
Theta,3,monCan3F9.00017,Vancouver,0.008315947
Theta,2,monCan3F9.00018,Vancouver,0.0059195
Theta,X,monCan3F9.00019,Vancouver,0.006704559
Theta,3,monCan3F9.00020,Vancouver,0.007732611
Theta,2,monCan3F9.00021,Vancouver,0.00989242
Theta,2,monCan3F9.00022,Vancouver,0.008676686
Theta,2,monCan3F9.00024,Vancouver,0.007841087
Theta,3,monCan3F9.00026,Vancouver,0.007074125
Theta,X,monCan3F9.00027,Vancouver,0.008217861
Theta,2,monCan3F9.00028,Vancouver,0.007108538
Theta,2,monCan3F9.00029,Vancouver,0.008738875
Theta,2,monCan3F9.00030,Vancouver,0.002545923
Theta,3,monCan3F9.00031,Vancouver,0.007119467
Theta,3,monCan3F9.00033,Vancouver,0.007345583
Theta,3,monCan3F9.00035,Vancouver,0.011439364
Theta,3,monCan3F9.00036,Vancouver,0.007198909
Theta,4,monCan3F9.00037,Vancouver,0.0114978
Theta,2,monCan3F9.00038,Vancouver,0.012303091
Theta,X,monCan3F9.00039,Vancouver,0.007880667
Theta,3,monCan3F9.00040,Vancouver,0.0076447
Theta,X,monCan3F9.00041,Vancouver,0.009209143
Theta,X,monCan3F9.00045,Vancouver,0.01536625
Theta,X,monCan3F9.00046,Vancouver,0.027225
Theta,4,monCan3F9.00047,Vancouver,0.016025
Theta,X,monCan3F9.00050,Vancouver,0.019703667
Theta,3,monCan3F9.00053,Vancouver,0.020058714
Theta,X,monCan3F9.00058,Vancouver,0.007527833
Theta,2,monCan3F9.00059,Vancouver,0.0053416
Theta,4,monCan3F9.00063,Vancouver,0.0235395
Theta,3,monCan3F9.00065,Vancouver,0.0065452
Theta,3,monCan3F9.00068,Vancouver,0.00693875
Theta,4,monCan3F9.00069,Vancouver,0.033884
Theta,2,monCan3F9.00092,Vancouver,0.015915
Theta,4,monCan3F9.00116,Vancouver,0.04405
Theta,3,monCan3F9.00186,Vancouver,0.006434
Theta,2,monCan3F9.00335,Vancouver,0.002584
Theta,2,monCan3F9.00349,Vancouver,0.013109
Theta,3,monCan3F9.00391,Vancouver,0.004866
Theta,4,monCan3F9.00001,Oulanka,0.010761909
Theta,5,monCan3F9.00002,Oulanka,0.008463265
Theta,X,monCan3F9.00003,Oulanka,0.006516283
Theta,2,monCan3F9.00004,Oulanka,0.009195441
Theta,4,monCan3F9.00005,Oulanka,0.010870296
Theta,2,monCan3F9.00006,Oulanka,0.006310114
Theta,3,monCan3F9.00007,Oulanka,0.00968602
Theta,4,monCan3F9.00008,Oulanka,0.009199837
Theta,2,monCan3F9.00009,Oulanka,0.007006618
Theta,2,monCan3F9.00010,Oulanka,0.006810742
Theta,4,monCan3F9.00011,Oulanka,0.00964924
Theta,2,monCan3F9.00012,Oulanka,0.007400163
Theta,5,monCan3F9.00013,Oulanka,0.011722286
Theta,3,monCan3F9.00014,Oulanka,0.011721228
Theta,X,monCan3F9.00015,Oulanka,0.007537104
Theta,3,monCan3F9.00017,Oulanka,0.008408747
Theta,2,monCan3F9.00018,Oulanka,0.007525098
Theta,X,monCan3F9.00019,Oulanka,0.007345174
Theta,3,monCan3F9.00020,Oulanka,0.009079417
Theta,2,monCan3F9.00021,Oulanka,0.010606514
Theta,2,monCan3F9.00022,Oulanka,0.009716029
Theta,2,monCan3F9.00024,Oulanka,0.008539217
Theta,3,monCan3F9.00026,Oulanka,0.008753375
Theta,X,monCan3F9.00027,Oulanka,0.008135
Theta,2,monCan3F9.00028,Oulanka,0.00829175
Theta,2,monCan3F9.00029,Oulanka,0.0108615
Theta,2,monCan3F9.00030,Oulanka,0.005750385
Theta,3,monCan3F9.00031,Oulanka,0.0084944
Theta,3,monCan3F9.00033,Oulanka,0.008958769
Theta,3,monCan3F9.00035,Oulanka,0.012931636
Theta,3,monCan3F9.00036,Oulanka,0.008016
Theta,4,monCan3F9.00037,Oulanka,0.0129083
Theta,2,monCan3F9.00038,Oulanka,0.012277
Theta,X,monCan3F9.00039,Oulanka,0.0088052
Theta,3,monCan3F9.00040,Oulanka,0.0097182
Theta,X,monCan3F9.00041,Oulanka,0.009242571
Theta,X,monCan3F9.00045,Oulanka,0.0194078
Theta,X,monCan3F9.00046,Oulanka,0.029933857
Theta,4,monCan3F9.00047,Oulanka,0.019414667
Theta,X,monCan3F9.00050,Oulanka,0.028423455
Theta,3,monCan3F9.00053,Oulanka,0.0255625
Theta,X,monCan3F9.00058,Oulanka,0.009185667
Theta,2,monCan3F9.00059,Oulanka,0.0072258
Theta,4,monCan3F9.00063,Oulanka,0.035124
Theta,3,monCan3F9.00065,Oulanka,0.0076956
Theta,3,monCan3F9.00068,Oulanka,0.00890475
Theta,4,monCan3F9.00069,Oulanka,0.04426
Theta,2,monCan3F9.00092,Oulanka,0.028797
Theta,4,monCan3F9.00116,Oulanka,0.050558
Theta,3,monCan3F9.00186,Oulanka,0.008716
Theta,2,monCan3F9.00335,Oulanka,0.005684
Theta,2,monCan3F9.00349,Oulanka,0.016725
Theta,3,monCan3F9.00391,Oulanka,0.005069
D,4,monCan3F9.00001,Colorado,-0.316541695
D,5,monCan3F9.00002,Colorado,-0.826598374
D,X,monCan3F9.00003,Colorado,-1.15708904
D,2,monCan3F9.00004,Colorado,-0.579519739
D,4,monCan3F9.00005,Colorado,-0.517696957
D,2,monCan3F9.00006,Colorado,-1.296686111
D,3,monCan3F9.00007,Colorado,-0.709743318
D,4,monCan3F9.00008,Colorado,-0.543647
D,2,monCan3F9.00009,Colorado,-0.802932393
D,2,monCan3F9.00010,Colorado,-0.910653065
D,4,monCan3F9.00011,Colorado,-0.438403908
D,2,monCan3F9.00012,Colorado,-1.004100673
D,5,monCan3F9.00013,Colorado,-0.463306592
D,3,monCan3F9.00014,Colorado,-0.525606367
D,X,monCan3F9.00015,Colorado,-0.657491277
D,3,monCan3F9.00017,Colorado,-0.815619293
D,2,monCan3F9.00018,Colorado,-0.903227512
D,X,monCan3F9.00019,Colorado,-0.928715843
D,3,monCan3F9.00020,Colorado,-0.902223611
D,2,monCan3F9.00021,Colorado,-0.641217406
D,2,monCan3F9.00022,Colorado,-0.790702229
D,2,monCan3F9.00024,Colorado,-0.841937565
D,3,monCan3F9.00026,Colorado,-1.00854075
D,X,monCan3F9.00027,Colorado,-0.705225472
D,2,monCan3F9.00028,Colorado,-0.759135313
D,2,monCan3F9.00029,Colorado,-1.024942438
D,2,monCan3F9.00030,Colorado,-1.465328385
D,3,monCan3F9.00031,Colorado,-0.939166067
D,3,monCan3F9.00033,Colorado,-1.024303154
D,3,monCan3F9.00035,Colorado,-0.7654324
D,3,monCan3F9.00036,Colorado,-1.013758727
D,4,monCan3F9.00037,Colorado,-0.8283026
D,2,monCan3F9.00038,Colorado,-0.505639182
D,X,monCan3F9.00039,Colorado,-0.8698851
D,3,monCan3F9.00040,Colorado,-0.942587
D,X,monCan3F9.00041,Colorado,-0.692952429
D,X,monCan3F9.00045,Colorado,-0.6897265
D,X,monCan3F9.00046,Colorado,-0.479527375
D,4,monCan3F9.00047,Colorado,-0.678359667
D,X,monCan3F9.00050,Colorado,-0.744777375
D,3,monCan3F9.00053,Colorado,-0.734197875
D,X,monCan3F9.00058,Colorado,-0.690130333
D,2,monCan3F9.00059,Colorado,-0.815712
D,4,monCan3F9.00063,Colorado,-0.8126925
D,3,monCan3F9.00065,Colorado,-0.952887
D,3,monCan3F9.00068,Colorado,-1.109798
D,4,monCan3F9.00069,Colorado,-1.105547
D,2,monCan3F9.00092,Colorado,-1.008637
D,4,monCan3F9.00116,Colorado,-0.507668
D,3,monCan3F9.00186,Colorado,-0.726284
D,2,monCan3F9.00335,Colorado,-1.628315
D,2,monCan3F9.00349,Colorado,-0.538384
D,3,monCan3F9.00391,Colorado,0.185077
D,4,monCan3F9.00001,Vancouver,-0.029055492
D,5,monCan3F9.00002,Vancouver,-0.439517735
D,X,monCan3F9.00003,Vancouver,-0.385986119
D,2,monCan3F9.00004,Vancouver,-0.362324294
D,4,monCan3F9.00005,Vancouver,-0.330525921
D,2,monCan3F9.00006,Vancouver,-0.758878246
D,3,monCan3F9.00007,Vancouver,-0.237736351
D,4,monCan3F9.00008,Vancouver,-0.153480167
D,2,monCan3F9.00009,Vancouver,-0.451714927
D,2,monCan3F9.00010,Vancouver,-0.538397355
D,4,monCan3F9.00011,Vancouver,-0.154136392
D,2,monCan3F9.00012,Vancouver,-0.701198918
D,5,monCan3F9.00013,Vancouver,-0.117358
D,3,monCan3F9.00014,Vancouver,-0.106493953
D,X,monCan3F9.00015,Vancouver,-0.215350911
D,3,monCan3F9.00017,Vancouver,-0.47747188
D,2,monCan3F9.00018,Vancouver,-0.4827071
D,X,monCan3F9.00019,Vancouver,-0.450617382
D,3,monCan3F9.00020,Vancouver,-0.270579861
D,2,monCan3F9.00021,Vancouver,-0.389992667
D,2,monCan3F9.00022,Vancouver,-0.471958886
D,2,monCan3F9.00024,Vancouver,-0.639649522
D,3,monCan3F9.00026,Vancouver,-0.533944375
D,X,monCan3F9.00027,Vancouver,-0.315314944
D,2,monCan3F9.00028,Vancouver,-0.509349538
D,2,monCan3F9.00029,Vancouver,-0.591068438
D,2,monCan3F9.00030,Vancouver,-1.019099615
D,3,monCan3F9.00031,Vancouver,-0.629919067
D,3,monCan3F9.00033,Vancouver,-0.341450917
D,3,monCan3F9.00035,Vancouver,-0.106216
D,3,monCan3F9.00036,Vancouver,-0.492992273
D,4,monCan3F9.00037,Vancouver,-0.6250022
D,2,monCan3F9.00038,Vancouver,-0.246140455
D,X,monCan3F9.00039,Vancouver,-0.619446556
D,3,monCan3F9.00040,Vancouver,-0.5057011
D,X,monCan3F9.00041,Vancouver,-0.360235857
D,X,monCan3F9.00045,Vancouver,-0.56196675
D,X,monCan3F9.00046,Vancouver,-0.3955985
D,4,monCan3F9.00047,Vancouver,-0.325105667
D,X,monCan3F9.00050,Vancouver,-0.748637333
D,3,monCan3F9.00053,Vancouver,-0.510162857
D,X,monCan3F9.00058,Vancouver,-0.468902333
D,2,monCan3F9.00059,Vancouver,-0.5585164
D,4,monCan3F9.00063,Vancouver,-0.5105245
D,3,monCan3F9.00065,Vancouver,-0.5624024
D,3,monCan3F9.00068,Vancouver,-0.60219125
D,4,monCan3F9.00069,Vancouver,-0.692525
D,2,monCan3F9.00092,Vancouver,-0.873563667
D,4,monCan3F9.00116,Vancouver,-0.393166
D,3,monCan3F9.00186,Vancouver,-0.675743
D,2,monCan3F9.00335,Vancouver,-1.08817
D,2,monCan3F9.00349,Vancouver,-0.670149
D,3,monCan3F9.00391,Vancouver,-0.286155
D,4,monCan3F9.00001,Oulanka,-0.635547224
D,5,monCan3F9.00002,Oulanka,-0.878530569
D,X,monCan3F9.00003,Oulanka,-1.438846629
D,2,monCan3F9.00004,Oulanka,-0.864870853
D,4,monCan3F9.00005,Oulanka,-0.586708026
D,2,monCan3F9.00006,Oulanka,-1.200286304
D,3,monCan3F9.00007,Oulanka,-0.769159314
D,4,monCan3F9.00008,Oulanka,-0.80764925
D,2,monCan3F9.00009,Oulanka,-1.078786545
D,2,monCan3F9.00010,Oulanka,-1.166003226
D,4,monCan3F9.00011,Oulanka,-0.820875867
D,2,monCan3F9.00012,Oulanka,-1.114875
D,5,monCan3F9.00013,Oulanka,-0.542748122
D,3,monCan3F9.00014,Oulanka,-0.650959811
D,X,monCan3F9.00015,Oulanka,-1.091424063
D,3,monCan3F9.00017,Oulanka,-0.993348867
D,2,monCan3F9.00018,Oulanka,-1.124523829
D,X,monCan3F9.00019,Oulanka,-1.319265971
D,3,monCan3F9.00020,Oulanka,-1.01065025
D,2,monCan3F9.00021,Oulanka,-0.787660686
D,2,monCan3F9.00022,Oulanka,-0.863682
D,2,monCan3F9.00024,Oulanka,-0.915827
D,3,monCan3F9.00026,Oulanka,-1.151845
D,X,monCan3F9.00027,Oulanka,-0.943745611
D,2,monCan3F9.00028,Oulanka,-0.999098875
D,2,monCan3F9.00029,Oulanka,-1.04478475
D,2,monCan3F9.00030,Oulanka,-1.513596077
D,3,monCan3F9.00031,Oulanka,-1.08694
D,3,monCan3F9.00033,Oulanka,-1.164891692
D,3,monCan3F9.00035,Oulanka,-0.862739
D,3,monCan3F9.00036,Oulanka,-0.861502727
D,4,monCan3F9.00037,Oulanka,-0.6848854
D,2,monCan3F9.00038,Oulanka,-0.394935455
D,X,monCan3F9.00039,Oulanka,-0.8748025
D,3,monCan3F9.00040,Oulanka,-1.0401739
D,X,monCan3F9.00041,Oulanka,-0.796139143
D,X,monCan3F9.00045,Oulanka,-0.624149
D,X,monCan3F9.00046,Oulanka,-0.482163143
D,4,monCan3F9.00047,Oulanka,-0.643995
D,X,monCan3F9.00050,Oulanka,-0.652911273
D,3,monCan3F9.00053,Oulanka,-0.885192
D,X,monCan3F9.00058,Oulanka,-1.051258
D,2,monCan3F9.00059,Oulanka,-1.103634
D,4,monCan3F9.00063,Oulanka,-0.137017
D,3,monCan3F9.00065,Oulanka,-1.041589
D,3,monCan3F9.00068,Oulanka,-0.846119
D,4,monCan3F9.00069,Oulanka,-1.015576
D,2,monCan3F9.00092,Oulanka,-1.268509
D,4,monCan3F9.00116,Oulanka,-0.417177
D,3,monCan3F9.00186,Oulanka,-0.811741
D,2,monCan3F9.00335,Oulanka,-1.451242
D,2,monCan3F9.00349,Oulanka,0.13336
D,3,monCan3F9.00391,Oulanka,-1.283889