population,sex,soma_wt,rt_wt,bd_wt
Vancouver,male,0.594,0.087,0.681
Vancouver,male,0.733,0.096,0.829
Vancouver,male,0.589,0.094,0.683
Vancouver,male,0.591,0.093,0.684
Vancouver,male,0.575,0.089,0.664
Vancouver,male,0.716,0.119,0.835
Colorado,male,0.528,0.083,0.611
Vancouver,female,0.798,0,0.798
Vancouver,female,0.944,0,0.944
Vancouver,female,0.679,0,0.679
Vancouver,female,0.824,0,0.824
Vancouver,female,0.822,0,0.822
Vancouver,female,0.936,0,0.936
Vancouver,female,0.887,0,0.887
Colorado,male,0.506,0.064,0.57
Colorado,male,0.507,0.072,0.579
Colorado,male,0.449,0.087,0.536
Colorado,male,0.497,0.092,0.589
Colorado,male,0.52,0.089,0.609
Colorado,male,0.449,0.087,0.536
Colorado,female,0.72,0,0.72
Colorado,female,0.722,0,0.722
Colorado,female,0.829,0,0.829
Colorado,female,0.81,0,0.81
Colorado,female,0.762,0,0.762
Colorado,female,0.794,0,0.794
Colorado,female,0.698,0,0.698
Vancouver,male,0.641,0.123,0.764
Vancouver,male,0.619,0.111,0.73
Vancouver,male,0.507,0.084,0.591
Vancouver,male,0.644,0.098,0.742
Vancouver,male,0.483,0.089,0.572
Vancouver,female,0.973,0,0.973
Vancouver,female,0.966,0,0.966
Vancouver,female,0.899,0,0.899
Vancouver,female,0.84,0,0.84
Vancouver,female,0.939,0,0.939
Colorado,male,0.517,0.088,0.605
Colorado,male,0.554,0.103,0.657
Colorado,male,0.528,0.085,0.613
Colorado,male,0.529,0.093,0.622
Colorado,male,0.524,0.057,0.581
Colorado,female,0.842,0,0.842
Colorado,female,0.92,0,0.92
Colorado,female,0.884,0,0.884
Colorado,female,0.769,0,0.769
Colorado,female,0.859,0,0.859
Vancouver,male,0.453,0.071,0.524
Vancouver,male,0.609,0.107,0.716
Vancouver,male,0.263,0.111,0.374
Vancouver,male,0.595,0.09,0.685
Vancouver,male,0.476,0.077,0.553
Vancouver,male,0.664,0.085,0.749
Vancouver,male,0.657,0.137,0.794
Vancouver,male,0.647,0.122,0.769
Vancouver,female,0.889,0,0.889
Vancouver,female,1.09,0,1.09
Vancouver,female,0.889,0,0.889
Vancouver,female,1.2,0,1.2
Vancouver,female,0.806,0,0.806
Vancouver,female,1.276,0,1.276
Vancouver,female,0.682,0,0.682
Vancouver,female,1.096,0,1.096
Colorado,male,0.561,0.075,0.636
Colorado,male,0.531,0.092,0.623
Colorado,male,0.67,0.103,0.773
Colorado,male,0.664,0.103,0.767
Colorado,male,0.452,0.089,0.541
Colorado,male,0.527,0.111,0.638
Colorado,male,0.521,0.09,0.611
Colorado,male,0.61,0.094,0.704
Colorado,female,0.741,0,0.741
Colorado,female,0.905,0,0.905
Colorado,female,0.901,0,0.901
Colorado,female,0.879,0,0.879
Colorado,female,0.782,0,0.782
Colorado,female,0.691,0,0.691
Colorado,female,0.92,0,0.92
Colorado,female,0.874,0,0.874
Vancouver,male,0.882,0.111,0.993
Vancouver,male,0.809,0.1,0.909
Vancouver,male,0.684,0.139,0.823
Vancouver,male,0.763,0.124,0.887
Vancouver,male,0.881,0.108,0.989
Vancouver,male,0.757,0.103,0.86
Vancouver,male,0.946,0.12,1.066
Vancouver,male,0.614,0.109,0.723
Vancouver,male,0.858,0.118,0.976
Vancouver,male,0.709,0.122,0.831
Vancouver,female,0.823,0,0.823
Vancouver,female,1.19,0,1.19
Vancouver,female,1.183,0,1.183
Vancouver,female,1.271,0,1.271
Vancouver,female,0.829,0,0.829
Vancouver,female,0.987,0,0.987
Vancouver,female,0.901,0,0.901
Vancouver,female,0.779,0,0.779
Vancouver,female,1.074,0,1.074
Vancouver,female,0.598,0,0.598
Colorado,male,0.489,0.095,0.584
Colorado,male,0.501,0.093,0.594
Colorado,male,0.514,0.085,0.599
Colorado,male,0.646,0.046,0.692
Colorado,male,0.499,0.092,0.591
Colorado,male,0.558,0.099,0.657
Colorado,male,0.572,0.102,0.674
Colorado,male,0.451,0.081,0.532
Colorado,male,0.564,0.098,0.662
Colorado,female,0.747,0,0.747
Colorado,female,0.785,0,0.785
Colorado,female,0.661,0,0.661
Colorado,female,0.887,0,0.887
Colorado,female,0.833,0,0.833
Colorado,female,0.843,0,0.843
Colorado,female,0.699,0,0.699
Colorado,female,0.835,0,0.835
Colorado,female,0.758,0,0.758
Colorado,female,0.742,0,0.742
Vancouver,male,0.897,0.112,1.009
Vancouver,male,0.729,0.112,0.841
Vancouver,male,0.611,0.107,0.718
Vancouver,male,0.597,0.1,0.697
Vancouver,male,0.765,0.113,0.878
Vancouver,male,0.62,0.098,0.718
Vancouver,male,0.645,0.087,0.732
Vancouver,male,0.623,0.117,0.74
Vancouver,male,0.781,0.113,0.894
Vancouver,male,0.754,0.121,0.875
Vancouver,male,0.659,0.105,0.764
Vancouver,male,0.611,0.11,0.721
Vancouver,male,0.73,0.091,0.821
Vancouver,male,0.675,0.088,0.763
Vancouver,female,0.973,0,0.973
Vancouver,female,0.863,0,0.863
Vancouver,female,0.767,0,0.767
Vancouver,female,0.997,0,0.997
Vancouver,female,1.147,0,1.147
Vancouver,female,0.963,0,0.963
Vancouver,female,1.206,0,1.206
Vancouver,female,1.001,0,1.001
Vancouver,female,1.138,0,1.138
Vancouver,female,0.722,0,0.722
Vancouver,female,1.016,0,1.016
Vancouver,female,0.986,0,0.986
Vancouver,female,1.039,0,1.039
Vancouver,female,0.689,0,0.689
Colorado,male,0.469,0.093,0.562
Colorado,male,0.488,0.081,0.569
Colorado,male,0.349,0.06,0.409
Colorado,male,0.476,0.069,0.545
Colorado,male,0.493,0.096,0.589
Colorado,male,0.602,0.094,0.696
Colorado,male,0.37,0.065,0.435
Colorado,male,0.48,0.097,0.577
Colorado,male,0.427,0.086,0.513
Colorado,male,0.466,0.07,0.536
Colorado,male,0.435,0.068,0.503
Colorado,male,0.46,0.104,0.564
Colorado,male,0.491,0.081,0.572
Colorado,male,0.418,0.086,0.504
Colorado,female,0.713,0,0.713
Colorado,female,0.531,0,0.531
Colorado,female,0.663,0,0.663
Colorado,female,0.769,0,0.769
Colorado,female,0.779,0,0.779
Colorado,female,0.888,0,0.888
Colorado,female,0.601,0,0.601
Colorado,female,0.761,0,0.761
Colorado,female,0.567,0,0.567
Colorado,female,0.58,0,0.58
Colorado,female,0.84,0,0.84
Colorado,female,0.845,0,0.845
Colorado,female,0.85,0,0.85
Colorado,female,0.798,0,0.798
Vancouver,male,0.501,0.049,0.55
Vancouver,male,0.697,0.114,0.811
Vancouver,male,0.676,0.101,0.777
Vancouver,male,0.791,0.087,0.878
Vancouver,male,0.601,0.098,0.699
Vancouver,male,0.661,0.089,0.75
Vancouver,male,0.645,0.103,0.748
Vancouver,male,0.605,0.08,0.685
Vancouver,male,0.575,0.088,0.663
Vancouver,male,0.644,0.105,0.749
Vancouver,female,0.775,0,0.775
Vancouver,female,1.083,0,1.083
Vancouver,female,0.857,0,0.857
Vancouver,female,0.886,0,0.886
Vancouver,female,0.816,0,0.816
Vancouver,female,0.972,0,0.972
Vancouver,female,1.036,0,1.036
Vancouver,female,1.089,0,1.089
Vancouver,female,0.596,0,0.596
Vancouver,female,0.935,0,0.935
Colorado,male,0.42,0.093,0.513
Colorado,male,0.379,0.075,0.454
Colorado,male,0.427,0.08,0.507
Colorado,male,0.555,0.104,0.659
Colorado,male,0.439,0.092,0.531
Colorado,male,0.442,0.081,0.523
Colorado,male,0.516,0.078,0.594
Colorado,male,0.573,0.098,0.671
Colorado,male,0.516,0.095,0.611
Colorado,male,0.438,0.075,0.513
Colorado,female,0.865,0,0.865
Colorado,female,0.723,0,0.723
Colorado,female,0.757,0,0.757
Colorado,female,0.7,0,0.7
Colorado,female,0.766,0,0.766
Colorado,female,0.715,0,0.715
Colorado,female,0.734,0,0.734
Colorado,female,0.528,0,0.528
Colorado,female,0.793,0,0.793
Colorado,female,0.68,0,0.68
Vancouver,male,0.717,0.122,0.839
Vancouver,male,0.642,0.119,0.761
Vancouver,male,0.674,0.14,0.814
Vancouver,male,0.671,0.127,0.798
Vancouver,male,0.59,0.111,0.701
Vancouver,male,0.638,0.101,0.739
Vancouver,male,0.643,0.127,0.77
Vancouver,female,1.084,0,1.084
Vancouver,female,0.421,0,0.421
Vancouver,female,0.903,0,0.903
Vancouver,female,0.829,0,0.829
Vancouver,female,0.535,0,0.535
Vancouver,female,0.903,0,0.903
Colorado,male,0.481,0.09,0.571
Colorado,male,0.632,0.04,0.672
Colorado,male,0.471,0.093,0.564
Colorado,male,0.471,0.099,0.57
Colorado,male,0.45,0.1,0.55
Colorado,male,0.412,0.081,0.493
Colorado,male,0.381,0.079,0.46
Colorado,female,0.736,0,0.736
Colorado,female,0.755,0,0.755
Colorado,female,0.82,0,0.82
Colorado,female,0.886,0,0.886
Colorado,female,0.695,0,0.695
Colorado,female,0.816,0,0.816