Male_ID,Mating,POP,count
C01,1,Colorado,10
C03,1,Colorado,59
C04,1,Colorado,19
C05,1,Colorado,26
C06,1,Colorado,0
C07,1,Colorado,36
C08,1,Colorado,22
C09,1,Colorado,0
C10,1,Colorado,54
C11,1,Colorado,0
C12,1,Colorado,21
C14,1,Colorado,9
C15,1,Colorado,3
C16,1,Colorado,8
C17,1,Colorado,10
C18,1,Colorado,16
C19,1,Colorado,12
C20,1,Colorado,74
V01,1,Vancouver,99
V02,1,Vancouver,74
V03,1,Vancouver,92
V04,1,Vancouver,68
V06,1,Vancouver,76
V07,1,Vancouver,76
V08,1,Vancouver,56
V09,1,Vancouver,47
V10,1,Vancouver,19
V11,1,Vancouver,3
V12,1,Vancouver,2
V13,1,Vancouver,35
V14,1,Vancouver,0
V15,1,Vancouver,26
V16,1,Vancouver,39
V17,1,Vancouver,28
V18,1,Vancouver,59
V19,1,Vancouver,58
V20,1,Vancouver,0
C01,2,Colorado,5
C02,2,Colorado,30
C03,2,Colorado,42
C04,2,Colorado,40
C05,2,Colorado,49
C06,2,Colorado,56
C07,2,Colorado,39
C08,2,Colorado,18
C10,2,Colorado,66
C11,2,Colorado,0
C12,2,Colorado,72
C14,2,Colorado,0
C15,2,Colorado,16
C16,2,Colorado,49
C18,2,Colorado,0
C19,2,Colorado,39
C20,2,Colorado,51
V01,2,Vancouver,81
V03,2,Vancouver,38
V04,2,Vancouver,62
V06,2,Vancouver,34
V07,2,Vancouver,11
V08,2,Vancouver,55
V09,2,Vancouver,45
V10,2,Vancouver,41
V12,2,Vancouver,31
V14,2,Vancouver,0
V15,2,Vancouver,68
V16,2,Vancouver,33
V17,2,Vancouver,74
V18,2,Vancouver,66
V19,2,Vancouver,80
V20,2,Vancouver,0
C01,3,Colorado,59
C02,3,Colorado,41
C03,3,Colorado,26
C04,3,Colorado,34
C05,3,Colorado,23
C06,3,Colorado,23
C07,3,Colorado,43
C08,3,Colorado,47
C10,3,Colorado,37
C11,3,Colorado,0
C12,3,Colorado,0
C14,3,Colorado,0
C16,3,Colorado,5
C17,3,Colorado,9
C20,3,Colorado,12
V01,3,Vancouver,48
V03,3,Vancouver,46
V06,3,Vancouver,49
V07,3,Vancouver,45
V08,3,Vancouver,0
V09,3,Vancouver,59
V12,3,Vancouver,20
V13,3,Vancouver,17
V14,3,Vancouver,0
V15,3,Vancouver,50
V16,3,Vancouver,28
V17,3,Vancouver,27
V18,3,Vancouver,59
V19,3,Vancouver,40
V20,3,Vancouver,0
C01,4,Colorado,22
C02,4,Colorado,54
C04,4,Colorado,8
C05,4,Colorado,10
C06,4,Colorado,12
C07,4,Colorado,9
C08,4,Colorado,5
C10,4,Colorado,1
C16,4,Colorado,13
C17,4,Colorado,41
C18,4,Colorado,2
C19,4,Colorado,2
C20,4,Colorado,36
V01,4,Vancouver,88
V03,4,Vancouver,81
V06,4,Vancouver,75
V08,4,Vancouver,0
V09,4,Vancouver,59
V12,4,Vancouver,57
V14,4,Vancouver,50
V15,4,Vancouver,52
V16,4,Vancouver,0
V17,4,Vancouver,0
V18,4,Vancouver,28
V20,4,Vancouver,0
C01,5,Colorado,3
C04,5,Colorado,56
C05,5,Colorado,22
C06,5,Colorado,0
C07,5,Colorado,9
C10,5,Colorado,5
C16,5,Colorado,8
C20,5,Colorado,15
V01,5,Vancouver,55
V03,5,Vancouver,33
V06,5,Vancouver,34
V09,5,Vancouver,0
V14,5,Vancouver,33
V15,5,Vancouver,51
V16,5,Vancouver,5
V17,5,Vancouver,31
C01,6,Colorado,0
C04,6,Colorado,9
C05,6,Colorado,3
C07,6,Colorado,5
C18,6,Colorado,13
V03,6,Vancouver,23
V09,6,Vancouver,17
V14,6,Vancouver,25
V15,6,Vancouver,99
V16,6,Vancouver,2
V17,6,Vancouver,13
C04,7,Colorado,39
C07,7,Colorado,11
V03,7,Vancouver,17
V14,7,Vancouver,55
V16,7,Vancouver,31
C04,8,Colorado,50
V03,8,Vancouver,5
V14,8,Vancouver,47
V16,8,Vancouver,21
V14,9,Vancouver,3
V14,10,Vancouver,0