BLOCK,cross_1,cross_type,female,Mating,RADS,eggs,hatch,unhatched
SNP,CC,CCC,C,1,CONTROL,0,0,0
SNP,CC,CCC,C,1,CONTROL,30,27,3
SNP,CC,CCC,C,1,CONTROL,37,27,10
SNP,CC,CCC,C,1,CONTROL,NA,NA,NA
SNP,CC,CCC,C,1,CONTROL,6,3,3
SNP,CC,CCC,C,1,CONTROL,38,26,12
SNP,CC,CCC,C,1,CONTROL,38,33,5
SNP,CC,CCC,C,1,CONTROL,20,12,8
SNP,CC,CCC,C,1,CONTROL,5,3,2
SNP,CC,CCC,C,1,CONTROL,NA,NA,NA
SNP,CC,CCC,C,1,CONTROL,23,19,4
SNP,CC,CCC,C,1,CONTROL,44,43,1
SNP,CC,CCC,C,1,CONTROL,34,34,0
SNP,CC,CCC,C,1,CONTROL,5,1,4
SNP,CC,CCC,C,1,CONTROL,23,20,3
SNP,CC,CCC,C,1,CONTROL,28,24,4
SNP,CC,CCC,C,1,CONTROL,49,41,8
SNP,CC,CCC,C,1,CONTROL,51,33,18
SNP,CC,CCC,C,1,CONTROL,44,42,2
SNP,CC,CCC,C,1,CONTROL,27,24,3
SNP,CC,CCC,C,1,CONTROL,52,50,2
SNP,CC,CCC,C,1,CONTROL,NA,NA,NA
SNP,CC,CCC,C,1,CONTROL,NA,NA,NA
SNP,CC,CCC,C,1,CONTROL,16,16,0
SNP,CC,CCC,C,1,CONTROL,0,0,0
SNP,CC,CCC,C,1,CONTROL,0,0,0
SNP,CC,CCC,C,1,CONTROL,0,0,0
SNP,CC,CCC,C,1,CONTROL,17,13,4
SNP,CC,CCC,C,1,CONTROL,24,24,0
SNP,CC,CCV,C,1,CONTROL,41,34,7
SNP,CC,CCV,C,1,CONTROL,0,0,0
SNP,CC,CCV,C,1,CONTROL,0,0,0
SNP,CC,CCV,C,1,CONTROL,18,18,0
SNP,CC,CCV,C,1,CONTROL,36,32,4
SNP,CC,CCV,C,1,CONTROL,NA,NA,NA
SNP,CC,CCV,C,1,CONTROL,18,14,4
SNP,CC,CCV,C,1,CONTROL,17,8,9
SNP,CC,CCV,C,1,CONTROL,26,25,1
SNP,CC,CCV,C,1,CONTROL,25,14,11
SNP,CC,CCV,C,1,CONTROL,20,19,1
SNP,CC,CCV,C,1,CONTROL,NA,NA,NA
SNP,CC,CCV,C,1,CONTROL,25,24,1
SNP,CC,CCV,C,1,CONTROL,29,8,21
SNP,CC,CCV,C,1,CONTROL,27,6,21
SNP,CC,CCV,C,1,CONTROL,31,31,0
SNP,CC,CCV,C,1,CONTROL,47,43,4
SNP,CC,CCV,C,1,CONTROL,36,15,21
SNP,CC,CCV,C,1,CONTROL,22,21,1
SNP,CC,CCV,C,1,CONTROL,27,8,19
SNP,CC,CCV,C,1,CONTROL,25,24,1
SNP,CC,CCV,C,1,CONTROL,NA,NA,NA
SNP,CC,CCV,C,1,CONTROL,25,23,2
SNP,CC,CCV,C,1,CONTROL,30,26,4
SNP,CC,CCV,C,1,CONTROL,36,21,15
SNP,CC,CCV,C,1,CONTROL,37,30,7
SNP,CC,CCV,C,1,CONTROL,24,20,4
SNP,CC,CCV,C,1,CONTROL,32,23,9
SNP,CC,CCV,C,1,CONTROL,36,25,11
SNP,CV,CVC,C,1,CONTROL,NA,NA,NA
SNP,CV,CVC,C,1,CONTROL,NA,NA,NA
SNP,CV,CVC,C,1,CONTROL,20,3,17
SNP,CV,CVC,C,1,CONTROL,33,9,24
SNP,CV,CVC,C,1,CONTROL,24,3,21
SNP,CV,CVC,C,1,CONTROL,28,2,26
SNP,CV,CVC,C,1,CONTROL,22,4,18
SNP,CV,CVC,C,1,CONTROL,25,2,23
SNP,CV,CVC,C,1,CONTROL,24,4,20
SNP,CV,CVC,C,1,CONTROL,29,1,28
SNP,CV,CVC,C,1,CONTROL,19,3,16
SNP,CV,CVC,C,1,CONTROL,30,0,30
SNP,CV,CVC,C,1,CONTROL,20,1,19
SNP,CV,CVC,C,1,CONTROL,34,0,34
SNP,CV,CVC,C,1,CONTROL,NA,NA,NA
SNP,CV,CVC,C,1,CONTROL,25,4,21
SNP,CV,CVC,C,1,CONTROL,12,2,10
SNP,CV,CVC,C,1,CONTROL,29,3,26
SNP,CV,CVC,C,1,CONTROL,21,3,18
SNP,CV,CVC,C,1,CONTROL,16,4,12
SNP,CV,CVC,C,1,CONTROL,18,4,14
SNP,CV,CVC,C,1,CONTROL,23,2,21
SNP,CV,CVC,C,1,CONTROL,20,1,19
SNP,CV,CVC,C,1,CONTROL,NA,NA,NA
SNP,CV,CVC,C,1,CONTROL,28,2,26
SNP,CV,CVC,C,1,CONTROL,17,3,14
SNP,CV,CVC,C,1,CONTROL,25,8,17
SNP,CV,CVC,C,1,CONTROL,26,3,23
SNP,CV,CVC,C,1,CONTROL,16,2,14
SNP,CV,CVC,C,1,CONTROL,NA,NA,NA
SNP,CV,CVV,C,1,CONTROL,0,0,0
SNP,CV,CVV,C,1,CONTROL,NA,NA,NA
SNP,CV,CVV,C,1,CONTROL,NA,NA,NA
SNP,CV,CVV,C,1,CONTROL,15,0,15
SNP,CV,CVV,C,1,CONTROL,12,1,11
SNP,CV,CVV,C,1,CONTROL,0,0,0
SNP,CV,CVV,C,1,CONTROL,23,0,23
SNP,CV,CVV,C,1,CONTROL,22,0,22
SNP,CV,CVV,C,1,CONTROL,30,1,29
SNP,CV,CVV,C,1,CONTROL,20,0,20
SNP,CV,CVV,C,1,CONTROL,18,1,17
SNP,CV,CVV,C,1,CONTROL,NA,NA,NA
SNP,CV,CVV,C,1,CONTROL,33,8,25
SNP,CV,CVV,C,1,CONTROL,17,4,13
SNP,CV,CVV,C,1,CONTROL,30,2,28
SNP,CV,CVV,C,1,CONTROL,12,1,11
SNP,CV,CVV,C,1,CONTROL,NA,NA,NA
SNP,CV,CVV,C,1,CONTROL,29,0,29
SNP,CV,CVV,C,1,CONTROL,14,0,14
SNP,CV,CVV,C,1,CONTROL,26,0,26
SNP,CV,CVV,C,1,CONTROL,NA,NA,NA
SNP,CV,CVV,C,1,CONTROL,NA,NA,NA
SNP,CV,CVV,C,1,CONTROL,29,0,29
SNP,CV,CVV,C,1,CONTROL,17,2,15
SNP,CV,CVV,C,1,CONTROL,23,1,22
SNP,CV,CVV,C,1,CONTROL,23,1,22
SNP,CV,CVV,C,1,CONTROL,9,0,9
SNP,CV,CVV,C,1,CONTROL,33,0,33
SNP,CV,CVV,C,1,CONTROL,9,1,8
SNP,CV,CVV,C,1,CONTROL,23,1,22
SNP,VV,VVV,V,1,CONTROL,23,21,2
SNP,VV,VVV,V,1,CONTROL,NA,NA,NA
SNP,VV,VVV,V,1,CONTROL,22,6,16
SNP,VV,VVV,V,1,CONTROL,0,0,0
SNP,VV,VVV,V,1,CONTROL,25,22,3
SNP,VV,VVV,V,1,CONTROL,20,18,2
SNP,VV,VVV,V,1,CONTROL,NA,NA,NA
SNP,VV,VVV,V,1,CONTROL,2,2,0
SNP,VV,VVV,V,1,CONTROL,13,10,3
SNP,VV,VVV,V,1,CONTROL,8,8,0
SNP,VV,VVV,V,1,CONTROL,0,0,0
SNP,VV,VVV,V,1,CONTROL,4,3,1
SNP,VV,VVV,V,1,CONTROL,1,1,0
SNP,VV,VVV,V,1,CONTROL,6,6,0
SNP,VV,VVV,V,1,CONTROL,9,7,2
SNP,VV,VVV,V,1,CONTROL,NA,NA,NA
SNP,VV,VVV,V,1,CONTROL,9,9,0
SNP,VV,VVV,V,1,CONTROL,12,12,0
SNP,VV,VVV,V,1,CONTROL,NA,NA,NA
SNP,VV,VVV,V,1,CONTROL,7,7,0
SNP,VV,VVV,V,1,CONTROL,3,3,0
SNP,VV,VVV,V,1,CONTROL,6,6,0
SNP,VV,VVC,V,1,CONTROL,19,18,1
SNP,VV,VVC,V,1,CONTROL,13,12,1
SNP,VV,VVC,V,1,CONTROL,5,4,1
SNP,VV,VVC,V,1,CONTROL,14,13,1
SNP,VV,VVC,V,1,CONTROL,14,14,0
SNP,VV,VVC,V,1,CONTROL,0,0,0
SNP,VV,VVC,V,1,CONTROL,16,14,2
SNP,VV,VVC,V,1,CONTROL,16,13,3
SNP,VV,VVC,V,1,CONTROL,13,12,1
SNP,VV,VVC,V,1,CONTROL,40,38,2
SNP,VV,VVC,V,1,CONTROL,21,19,2
SNP,VV,VVC,V,1,CONTROL,15,14,1
SNP,VV,VVC,V,1,CONTROL,22,21,1
SNP,VV,VVC,V,1,CONTROL,NA,NA,NA
SNP,VV,VVC,V,1,CONTROL,10,10,0
SNP,VV,VVC,V,1,CONTROL,10,6,4
SNP,VV,VVC,V,1,CONTROL,5,4,1
SNP,VV,VVC,V,1,CONTROL,11,11,0
SNP,VV,VVC,V,1,CONTROL,9,0,9
SNP,VV,VVC,V,1,CONTROL,8,6,2
SNP,VV,VVC,V,1,CONTROL,9,8,1
SNP,VV,VVC,V,1,CONTROL,12,12,0
SNP,VV,VVC,V,1,CONTROL,3,3,0
SNP,VV,VVC,V,1,CONTROL,4,4,0
SNP,VV,VVC,V,1,CONTROL,14,8,6
SNP,VV,VVC,V,1,CONTROL,22,21,1
SNP,VC,VCV,V,1,CONTROL,8,8,0
SNP,VC,VCV,V,1,CONTROL,5,5,0
SNP,VC,VCV,V,1,CONTROL,NA,NA,NA
SNP,VC,VCV,V,1,CONTROL,15,6,9
SNP,VC,VCV,V,1,CONTROL,21,8,13
SNP,VC,VCV,V,1,CONTROL,18,15,3
SNP,VC,VCV,V,1,CONTROL,NA,NA,NA
SNP,VC,VCV,V,1,CONTROL,15,9,6
SNP,VC,VCV,V,1,CONTROL,24,3,21
SNP,VC,VCV,V,1,CONTROL,15,13,2
SNP,VC,VCV,V,1,CONTROL,2,2,0
SNP,VC,VCV,V,1,CONTROL,15,12,3
SNP,VC,VCV,V,1,CONTROL,15,13,2
SNP,VC,VCV,V,1,CONTROL,16,8,8
SNP,VC,VCV,V,1,CONTROL,NA,NA,NA
SNP,VC,VCV,V,1,CONTROL,17,7,10
SNP,VC,VCV,V,1,CONTROL,23,10,13
SNP,VC,VCV,V,1,CONTROL,11,7,4
SNP,VC,VCV,V,1,CONTROL,NA,NA,NA
SNP,VC,VCV,V,1,CONTROL,18,15,3
SNP,VC,VCV,V,1,CONTROL,22,18,4
SNP,VC,VCV,V,1,CONTROL,12,11,1
SNP,VC,VCV,V,1,CONTROL,10,6,4
SNP,VC,VCV,V,1,CONTROL,11,6,5
SNP,VC,VCV,V,1,CONTROL,16,9,7
SNP,VC,VCV,V,1,CONTROL,11,8,3
SNP,VC,VCV,V,1,CONTROL,12,12,0
SNP,VC,VCC,V,1,CONTROL,15,0,15
SNP,VC,VCC,V,1,CONTROL,NA,NA,NA
SNP,VC,VCC,V,1,CONTROL,17,5,12
SNP,VC,VCC,V,1,CONTROL,7,6,1
SNP,VC,VCC,V,1,CONTROL,0,0,0
SNP,VC,VCC,V,1,CONTROL,24,17,7
SNP,VC,VCC,V,1,CONTROL,39,12,27
SNP,VC,VCC,V,1,CONTROL,40,9,31
SNP,VC,VCC,V,1,CONTROL,8,2,6
SNP,VC,VCC,V,1,CONTROL,25,16,9
SNP,VC,VCC,V,1,CONTROL,27,22,5
SNP,VC,VCC,V,1,CONTROL,38,27,11
SNP,VC,VCC,V,1,CONTROL,21,12,9
SNP,VC,VCC,V,1,CONTROL,20,17,3
SNP,VC,VCC,V,1,CONTROL,NA,NA,NA
SNP,VC,VCC,V,1,CONTROL,44,19,25
SNP,VC,VCC,V,1,CONTROL,23,10,13
SNP,VC,VCC,V,1,CONTROL,2,0,2
SNP,VC,VCC,V,1,CONTROL,NA,NA,NA
SNP,VC,VCC,V,1,CONTROL,10,3,7
SNP,VC,VCC,V,1,CONTROL,27,4,23
SNP,VC,VCC,V,1,CONTROL,NA,NA,NA
SNP,VC,VCC,V,1,CONTROL,22,3,19
SNP,VC,VCC,V,1,CONTROL,NA,NA,NA
SNP,VC,VCC,V,1,CONTROL,17,8,9
SNP,VC,VCC,V,1,CONTROL,17,6,11
SNP,VC,VCC,V,1,CONTROL,6,0,6
SNP,VC,VCC,V,1,CONTROL,10,1,9
SNP,VC,VCC,V,1,CONTROL,NA,NA,NA
SNP,VC,VCC,V,1,CONTROL,11,6,5
SNP,CC,CCC,C,2,CONTROL,0,0,0
SNP,CC,CCC,C,2,CONTROL,73,70,3
SNP,CC,CCC,C,2,CONTROL,70,65,5
SNP,CC,CCC,C,2,CONTROL,NA,NA,NA
SNP,CC,CCC,C,2,CONTROL,NA,NA,NA
SNP,CC,CCC,C,2,CONTROL,NA,NA,NA
SNP,CC,CCC,C,2,CONTROL,NA,NA,NA
SNP,CC,CCC,C,2,CONTROL,61,55,6
SNP,CC,CCC,C,2,CONTROL,25,13,12
SNP,CC,CCC,C,2,CONTROL,NA,NA,NA
SNP,CC,CCC,C,2,CONTROL,57,45,12
SNP,CC,CCC,C,2,CONTROL,73,71,2
SNP,CC,CCC,C,2,CONTROL,71,69,2
SNP,CC,CCC,C,2,CONTROL,NA,NA,NA
SNP,CC,CCC,C,2,CONTROL,NA,NA,NA
SNP,CC,CCC,C,2,CONTROL,NA,NA,NA
SNP,CC,CCC,C,2,CONTROL,76,59,17
SNP,CC,CCC,C,2,CONTROL,58,52,6
SNP,CC,CCC,C,2,CONTROL,NA,NA,NA
SNP,CC,CCC,C,2,CONTROL,27,26,1
SNP,CC,CCC,C,2,CONTROL,69,54,15
SNP,CC,CCC,C,2,CONTROL,NA,NA,NA
SNP,CC,CCC,C,2,CONTROL,NA,NA,NA
SNP,CC,CCC,C,2,CONTROL,NA,NA,NA
SNP,CC,CCC,C,2,CONTROL,0,0,0
SNP,CC,CCC,C,2,CONTROL,NA,NA,NA
SNP,CC,CCC,C,2,CONTROL,NA,NA,NA
SNP,CC,CCC,C,2,CONTROL,62,60,2
SNP,CC,CCC,C,2,CONTROL,0,0,0
SNP,CC,CCV,C,2,CONTROL,51,12,39
SNP,CC,CCV,C,2,CONTROL,NA,NA,NA
SNP,CC,CCV,C,2,CONTROL,NA,NA,NA
SNP,CC,CCV,C,2,CONTROL,NA,NA,NA
SNP,CC,CCV,C,2,CONTROL,NA,NA,NA
SNP,CC,CCV,C,2,CONTROL,NA,NA,NA
SNP,CC,CCV,C,2,CONTROL,NA,NA,NA
SNP,CC,CCV,C,2,CONTROL,NA,NA,NA
SNP,CC,CCV,C,2,CONTROL,67,63,4
SNP,CC,CCV,C,2,CONTROL,NA,NA,NA
SNP,CC,CCV,C,2,CONTROL,80,77,3
SNP,CC,CCV,C,2,CONTROL,NA,NA,NA
SNP,CC,CCV,C,2,CONTROL,NA,NA,NA
SNP,CC,CCV,C,2,CONTROL,NA,NA,NA
SNP,CC,CCV,C,2,CONTROL,78,28,50
SNP,CC,CCV,C,2,CONTROL,NA,NA,NA
SNP,CC,CCV,C,2,CONTROL,NA,NA,NA
SNP,CC,CCV,C,2,CONTROL,NA,NA,NA
SNP,CC,CCV,C,2,CONTROL,NA,NA,NA
SNP,CC,CCV,C,2,CONTROL,69,24,45
SNP,CC,CCV,C,2,CONTROL,NA,NA,NA
SNP,CC,CCV,C,2,CONTROL,NA,NA,NA
SNP,CC,CCV,C,2,CONTROL,NA,NA,NA
SNP,CC,CCV,C,2,CONTROL,57,32,25
SNP,CC,CCV,C,2,CONTROL,78,47,31
SNP,CC,CCV,C,2,CONTROL,NA,NA,NA
SNP,CC,CCV,C,2,CONTROL,NA,NA,NA
SNP,CC,CCV,C,2,CONTROL,NA,NA,NA
SNP,CC,CCV,C,2,CONTROL,NA,NA,NA
SNP,CV,CVC,C,2,CONTROL,NA,NA,NA
SNP,CV,CVC,C,2,CONTROL,NA,NA,NA
SNP,CV,CVC,C,2,CONTROL,NA,NA,NA
SNP,CV,CVC,C,2,CONTROL,55,51,4
SNP,CV,CVC,C,2,CONTROL,92,53,39
SNP,CV,CVC,C,2,CONTROL,NA,NA,NA
SNP,CV,CVC,C,2,CONTROL,66,39,27
SNP,CV,CVC,C,2,CONTROL,67,50,17
SNP,CV,CVC,C,2,CONTROL,74,67,7
SNP,CV,CVC,C,2,CONTROL,69,37,32
SNP,CV,CVC,C,2,CONTROL,76,74,2
SNP,CV,CVC,C,2,CONTROL,83,22,61
SNP,CV,CVC,C,2,CONTROL,79,75,4
SNP,CV,CVC,C,2,CONTROL,72,71,1
SNP,CV,CVC,C,2,CONTROL,NA,NA,NA
SNP,CV,CVC,C,2,CONTROL,62,44,18
SNP,CV,CVC,C,2,CONTROL,60,52,8
SNP,CV,CVC,C,2,CONTROL,72,55,17
SNP,CV,CVC,C,2,CONTROL,70,67,3
SNP,CV,CVC,C,2,CONTROL,80,79,1
SNP,CV,CVC,C,2,CONTROL,53,29,24
SNP,CV,CVC,C,2,CONTROL,76,45,31
SNP,CV,CVC,C,2,CONTROL,60,52,8
SNP,CV,CVC,C,2,CONTROL,NA,NA,NA
SNP,CV,CVC,C,2,CONTROL,NA,NA,NA
SNP,CV,CVC,C,2,CONTROL,79,77,2
SNP,CV,CVC,C,2,CONTROL,75,51,24
SNP,CV,CVC,C,2,CONTROL,65,50,15
SNP,CV,CVC,C,2,CONTROL,66,43,23
SNP,CV,CVC,C,2,CONTROL,NA,NA,NA
SNP,CV,CVV,C,2,CONTROL,13,0,13
SNP,CV,CVV,C,2,CONTROL,NA,NA,NA
SNP,CV,CVV,C,2,CONTROL,NA,NA,NA
SNP,CV,CVV,C,2,CONTROL,60,5,55
SNP,CV,CVV,C,2,CONTROL,69,7,62
SNP,CV,CVV,C,2,CONTROL,53,2,51
SNP,CV,CVV,C,2,CONTROL,69,1,68
SNP,CV,CVV,C,2,CONTROL,69,17,52
SNP,CV,CVV,C,2,CONTROL,68,2,66
SNP,CV,CVV,C,2,CONTROL,41,3,38
SNP,CV,CVV,C,2,CONTROL,89,1,88
SNP,CV,CVV,C,2,CONTROL,NA,NA,NA
SNP,CV,CVV,C,2,CONTROL,78,5,73
SNP,CV,CVV,C,2,CONTROL,86,16,70
SNP,CV,CVV,C,2,CONTROL,75,5,70
SNP,CV,CVV,C,2,CONTROL,54,14,40
SNP,CV,CVV,C,2,CONTROL,NA,NA,NA
SNP,CV,CVV,C,2,CONTROL,NA,NA,NA
SNP,CV,CVV,C,2,CONTROL,74,17,57
SNP,CV,CVV,C,2,CONTROL,NA,NA,NA
SNP,CV,CVV,C,2,CONTROL,NA,NA,NA
SNP,CV,CVV,C,2,CONTROL,NA,NA,NA
SNP,CV,CVV,C,2,CONTROL,57,2,55
SNP,CV,CVV,C,2,CONTROL,NA,NA,NA
SNP,CV,CVV,C,2,CONTROL,71,2,69
SNP,CV,CVV,C,2,CONTROL,66,3,63
SNP,CV,CVV,C,2,CONTROL,64,1,63
SNP,CV,CVV,C,2,CONTROL,NA,NA,NA
SNP,CV,CVV,C,2,CONTROL,70,6,64
SNP,CV,CVV,C,2,CONTROL,56,9,47
SNP,VV,VVV,V,2,CONTROL,92,80,12
SNP,VV,VVV,V,2,CONTROL,NA,NA,NA
SNP,VV,VVV,V,2,CONTROL,81,75,6
SNP,VV,VVV,V,2,CONTROL,24,8,16
SNP,VV,VVV,V,2,CONTROL,62,54,8
SNP,VV,VVV,V,2,CONTROL,NA,NA,NA
SNP,VV,VVV,V,2,CONTROL,NA,NA,NA
SNP,VV,VVV,V,2,CONTROL,50,46,4
SNP,VV,VVV,V,2,CONTROL,NA,NA,NA
SNP,VV,VVV,V,2,CONTROL,NA,NA,NA
SNP,VV,VVV,V,2,CONTROL,NA,NA,NA
SNP,VV,VVV,V,2,CONTROL,48,37,11
SNP,VV,VVV,V,2,CONTROL,38,35,3
SNP,VV,VVV,V,2,CONTROL,55,54,1
SNP,VV,VVV,V,2,CONTROL,65,62,3
SNP,VV,VVV,V,2,CONTROL,NA,NA,NA
SNP,VV,VVV,V,2,CONTROL,NA,NA,NA
SNP,VV,VVV,V,2,CONTROL,NA,NA,NA
SNP,VV,VVV,V,2,CONTROL,NA,NA,NA
SNP,VV,VVV,V,2,CONTROL,NA,NA,NA
SNP,VV,VVV,V,2,CONTROL,NA,NA,NA
SNP,VV,VVV,V,2,CONTROL,NA,NA,NA
SNP,VV,VVC,V,2,CONTROL,63,54,9
SNP,VV,VVC,V,2,CONTROL,68,65,3
SNP,VV,VVC,V,2,CONTROL,50,49,1
SNP,VV,VVC,V,2,CONTROL,51,49,2
SNP,VV,VVC,V,2,CONTROL,61,56,5
SNP,VV,VVC,V,2,CONTROL,45,38,7
SNP,VV,VVC,V,2,CONTROL,71,39,32
SNP,VV,VVC,V,2,CONTROL,76,65,11
SNP,VV,VVC,V,2,CONTROL,43,37,6
SNP,VV,VVC,V,2,CONTROL,79,66,13
SNP,VV,VVC,V,2,CONTROL,87,71,16
SNP,VV,VVC,V,2,CONTROL,63,55,8
SNP,VV,VVC,V,2,CONTROL,65,59,6
SNP,VV,VVC,V,2,CONTROL,NA,NA,NA
SNP,VV,VVC,V,2,CONTROL,NA,NA,NA
SNP,VV,VVC,V,2,CONTROL,56,40,16
SNP,VV,VVC,V,2,CONTROL,63,49,14
SNP,VV,VVC,V,2,CONTROL,58,22,36
SNP,VV,VVC,V,2,CONTROL,NA,NA,NA
SNP,VV,VVC,V,2,CONTROL,57,53,4
SNP,VV,VVC,V,2,CONTROL,NA,NA,NA
SNP,VV,VVC,V,2,CONTROL,45,41,4
SNP,VV,VVC,V,2,CONTROL,62,32,30
SNP,VV,VVC,V,2,CONTROL,NA,NA,NA
SNP,VV,VVC,V,2,CONTROL,67,62,5
SNP,VV,VVC,V,2,CONTROL,NA,NA,NA
SNP,VC,VCV,V,2,CONTROL,19,18,1
SNP,VC,VCV,V,2,CONTROL,47,45,2
SNP,VC,VCV,V,2,CONTROL,NA,NA,NA
SNP,VC,VCV,V,2,CONTROL,NA,NA,NA
SNP,VC,VCV,V,2,CONTROL,NA,NA,NA
SNP,VC,VCV,V,2,CONTROL,57,54,3
SNP,VC,VCV,V,2,CONTROL,NA,NA,NA
SNP,VC,VCV,V,2,CONTROL,NA,NA,NA
SNP,VC,VCV,V,2,CONTROL,60,58,2
SNP,VC,VCV,V,2,CONTROL,NA,NA,NA
SNP,VC,VCV,V,2,CONTROL,NA,NA,NA
SNP,VC,VCV,V,2,CONTROL,64,64,0
SNP,VC,VCV,V,2,CONTROL,72,69,3
SNP,VC,VCV,V,2,CONTROL,76,76,0
SNP,VC,VCV,V,2,CONTROL,NA,NA,NA
SNP,VC,VCV,V,2,CONTROL,69,60,9
SNP,VC,VCV,V,2,CONTROL,72,44,28
SNP,VC,VCV,V,2,CONTROL,76,53,23
SNP,VC,VCV,V,2,CONTROL,NA,NA,NA
SNP,VC,VCV,V,2,CONTROL,66,61,5
SNP,VC,VCV,V,2,CONTROL,75,65,10
SNP,VC,VCV,V,2,CONTROL,54,38,16
SNP,VC,VCV,V,2,CONTROL,NA,NA,NA
SNP,VC,VCV,V,2,CONTROL,64,49,15
SNP,VC,VCV,V,2,CONTROL,57,45,12
SNP,VC,VCV,V,2,CONTROL,72,69,3
SNP,VC,VCV,V,2,CONTROL,76,70,6
SNP,VC,VCC,V,2,CONTROL,78,47,31
SNP,VC,VCC,V,2,CONTROL,NA,NA,NA
SNP,VC,VCC,V,2,CONTROL,59,26,33
SNP,VC,VCC,V,2,CONTROL,64,62,2
SNP,VC,VCC,V,2,CONTROL,61,22,39
SNP,VC,VCC,V,2,CONTROL,72,49,23
SNP,VC,VCC,V,2,CONTROL,71,32,39
SNP,VC,VCC,V,2,CONTROL,87,62,25
SNP,VC,VCC,V,2,CONTROL,77,49,28
SNP,VC,VCC,V,2,CONTROL,58,48,10
SNP,VC,VCC,V,2,CONTROL,76,47,29
SNP,VC,VCC,V,2,CONTROL,82,43,39
SNP,VC,VCC,V,2,CONTROL,67,20,47
SNP,VC,VCC,V,2,CONTROL,77,33,44
SNP,VC,VCC,V,2,CONTROL,NA,NA,NA
SNP,VC,VCC,V,2,CONTROL,79,51,28
SNP,VC,VCC,V,2,CONTROL,51,7,44
SNP,VC,VCC,V,2,CONTROL,80,54,26
SNP,VC,VCC,V,2,CONTROL,NA,NA,NA
SNP,VC,VCC,V,2,CONTROL,NA,NA,NA
SNP,VC,VCC,V,2,CONTROL,84,30,54
SNP,VC,VCC,V,2,CONTROL,NA,NA,NA
SNP,VC,VCC,V,2,CONTROL,83,68,15
SNP,VC,VCC,V,2,CONTROL,NA,NA,NA
SNP,VC,VCC,V,2,CONTROL,63,36,27
SNP,VC,VCC,V,2,CONTROL,61,38,23
SNP,VC,VCC,V,2,CONTROL,58,33,25
SNP,VC,VCC,V,2,CONTROL,73,32,41
SNP,VC,VCC,V,2,CONTROL,NA,NA,NA
SNP,VC,VCC,V,2,CONTROL,50,20,30
A,VV,VVV,V,1,CONTROL,16,10,6
A,VV,VVV,V,1,CONTROL,17,17,0
A,VV,VVV,V,1,CONTROL,15,15,0
A,VV,VVV,V,1,CONTROL,2,0,2
A,VV,VVV,V,1,CONTROL,43,40,3
A,VV,VVV,V,1,CONTROL,21,20,1
A,VV,VVV,V,1,CONTROL,16,16,0
A,VV,VVV,V,1,CONTROL,24,23,1
A,VV,VVV,V,1,CONTROL,23,23,0
A,VV,VVV,V,1,CONTROL,29,27,2
A,VV,VVV,V,2,CONTROL,NA,NA,NA
A,VV,VVV,V,2,CONTROL,82,82,0
A,VV,VVV,V,2,CONTROL,50,48,2
A,VV,VVV,V,2,CONTROL,42,42,0
A,VV,VVV,V,2,CONTROL,87,63,24
A,VV,VVV,V,2,CONTROL,NA,NA,NA
A,VV,VVV,V,2,CONTROL,62,62,0
A,VV,VVV,V,2,CONTROL,57,53,4
A,VV,VVV,V,2,CONTROL,42,33,9
A,VV,VVV,V,2,CONTROL,65,65,0
A,VV,VVC,V,1,CONTROL,12,12,0
A,VV,VVC,V,1,CONTROL,14,5,9
A,VV,VVC,V,1,CONTROL,3,2,1
A,VV,VVC,V,1,CONTROL,1,0,1
A,VV,VVC,V,1,CONTROL,19,19,0
A,VV,VVC,V,1,CONTROL,NA,NA,NA
A,VV,VVC,V,1,CONTROL,NA,NA,NA
A,VV,VVC,V,1,CONTROL,6,4,2
A,VV,VVC,V,1,CONTROL,23,20,3
A,VV,VVC,V,1,CONTROL,22,21,1
A,VV,VVC,V,2,CONTROL,65,49,16
A,VV,VVC,V,2,CONTROL,57,32,25
A,VV,VVC,V,2,CONTROL,4,2,2
A,VV,VVC,V,2,CONTROL,0,NA,NA
A,VV,VVC,V,2,CONTROL,71,39,32
A,VV,VVC,V,2,CONTROL,NA,NA,NA
A,VV,VVC,V,2,CONTROL,NA,NA,NA
A,VV,VVC,V,2,CONTROL,72,53,19
A,VV,VVC,V,2,CONTROL,76,63,13
A,VV,VVC,V,2,CONTROL,77,77,0
A,VC,VCV,V,1,CONTROL,9,2,7
A,VC,VCV,V,1,CONTROL,17,6,11
A,VC,VCV,V,1,CONTROL,12,12,0
A,VC,VCV,V,1,CONTROL,19,10,9
A,VC,VCV,V,1,CONTROL,NA,NA,NA
A,VC,VCV,V,1,CONTROL,28,0,28
A,VC,VCV,V,1,CONTROL,12,11,1
A,VC,VCV,V,1,CONTROL,27,5,22
A,VC,VCV,V,1,CONTROL,24,8,16
A,VC,VCV,V,1,CONTROL,42,19,23
A,VC,VCV,V,2,CONTROL,85,65,20
A,VC,VCV,V,2,CONTROL,85,82,3
A,VC,VCV,V,2,CONTROL,70,66,4
A,VC,VCV,V,2,CONTROL,84,72,12
A,VC,VCV,V,2,CONTROL,NA,NA,NA
A,VC,VCV,V,2,CONTROL,77,74,3
A,VC,VCV,V,2,CONTROL,71,57,14
A,VC,VCV,V,2,CONTROL,61,55,6
A,VC,VCV,V,2,CONTROL,NA,NA,NA
A,VC,VCV,V,2,CONTROL,90,87,3
A,VC,VCC,V,1,CONTROL,18,0,18
A,VC,VCC,V,1,CONTROL,NA,NA,NA
A,VC,VCC,V,1,CONTROL,23,6,17
A,VC,VCC,V,1,CONTROL,NA,NA,NA
A,VC,VCC,V,1,CONTROL,34,3,31
A,VC,VCC,V,1,CONTROL,32,6,26
A,VC,VCC,V,1,CONTROL,NA,NA,NA
A,VC,VCC,V,1,CONTROL,19,10,9
A,VC,VCC,V,1,CONTROL,12,4,8
A,VC,VCC,V,1,CONTROL,NA,NA,NA
A,VC,VCC,V,2,CONTROL,70,63,7
A,VC,VCC,V,2,CONTROL,NA,NA,NA
A,VC,VCC,V,2,CONTROL,70,30,40
A,VC,VCC,V,2,CONTROL,NA,NA,NA
A,VC,VCC,V,2,CONTROL,70,29,41
A,VC,VCC,V,2,CONTROL,63,21,42
A,VC,VCC,V,2,CONTROL,NA,NA,NA
A,VC,VCC,V,2,CONTROL,75,61,14
A,VC,VCC,V,2,CONTROL,NA,NA,NA
A,VC,VCC,V,2,CONTROL,NA,NA,NA
A,VV,VVV,V,1,DOUBLE,13,0,13
A,VV,VVV,V,1,DOUBLE,9,0,9
A,VV,VVV,V,1,DOUBLE,14,0,14
A,VV,VVV,V,1,DOUBLE,0,0,0
A,VV,VVV,V,1,DOUBLE,NA,NA,NA
A,VV,VVV,V,1,DOUBLE,7,0,7
A,VV,VVV,V,1,DOUBLE,NA,NA,NA
A,VV,VVV,V,1,DOUBLE,12,0,12
A,VV,VVV,V,1,DOUBLE,27,0,27
A,VV,VVV,V,1,DOUBLE,0,0,0
A,VV,VVV,V,2,DOUBLE,91,0,91
A,VV,VVV,V,2,DOUBLE,NA,NA,NA
A,VV,VVV,V,2,DOUBLE,72,0,72
A,VV,VVV,V,2,DOUBLE,83,0,83
A,VV,VVV,V,2,DOUBLE,NA,NA,NA
A,VV,VVV,V,2,DOUBLE,61,0,61
A,VV,VVV,V,2,DOUBLE,NA,NA,NA
A,VV,VVV,V,2,DOUBLE,54,0,54
A,VV,VVV,V,2,DOUBLE,70,0,70
A,VV,VVV,V,2,DOUBLE,NA,NA,NA
A,VC,VCC,V,1,DOUBLE,NA,NA,NA
A,VC,VCC,V,1,DOUBLE,8,0,8
A,VC,VCC,V,1,DOUBLE,14,0,14
A,VC,VCC,V,1,DOUBLE,NA,NA,NA
A,VC,VCC,V,1,DOUBLE,10,0,10
A,VC,VCC,V,1,DOUBLE,28,0,28
A,VC,VCC,V,1,DOUBLE,18,0,18
A,VC,VCC,V,1,DOUBLE,33,0,33
A,VC,VCC,V,1,DOUBLE,25,0,25
A,VC,VCC,V,1,DOUBLE,NA,NA,NA
A,VC,VCC,V,2,DOUBLE,NA,NA,NA
A,VC,VCC,V,2,DOUBLE,75,0,75
A,VC,VCC,V,2,DOUBLE,67,0,67
A,VC,VCC,V,2,DOUBLE,NA,NA,NA
A,VC,VCC,V,2,DOUBLE,69,0,69
A,VC,VCC,V,2,DOUBLE,86,0,86
A,VC,VCC,V,2,DOUBLE,70,0,70
A,VC,VCC,V,2,DOUBLE,71,0,71
A,VC,VCC,V,2,DOUBLE,NA,NA,NA
A,VC,VCC,V,2,DOUBLE,NA,NA,NA
A,VV,VVV,V,1,M2,21,19,2
A,VV,VVV,V,1,M2,32,32,0
A,VV,VVV,V,1,M2,NA,NA,NA
A,VV,VVV,V,1,M2,5,3,2
A,VV,VVV,V,1,M2,21,21,0
A,VV,VVV,V,1,M2,20,15,5
A,VV,VVV,V,1,M2,20,20,0
A,VV,VVV,V,1,M2,NA,NA,NA
A,VV,VVV,V,1,M2,28,25,3
A,VV,VVV,V,1,M2,35,33,2
A,VV,VVV,V,2,M2,80,41,39
A,VV,VVV,V,2,M2,87,63,24
A,VV,VVV,V,2,M2,NA,NA,NA
A,VV,VVV,V,2,M2,NA,NA,NA
A,VV,VVV,V,2,M2,NA,NA,NA
A,VV,VVV,V,2,M2,69,43,26
A,VV,VVV,V,2,M2,NA,NA,NA
A,VV,VVV,V,2,M2,NA,NA,NA
A,VV,VVV,V,2,M2,77,53,24
A,VV,VVV,V,2,M2,66,59,7
A,VV,VVV,V,1,M1,2,0,2
A,VV,VVV,V,1,M1,27,0,27
A,VV,VVV,V,1,M1,NA,NA,NA
A,VV,VVV,V,1,M1,34,0,34
A,VV,VVV,V,1,M1,18,0,18
A,VV,VVV,V,1,M1,24,0,24
A,VV,VVV,V,1,M1,55,0,55
A,VV,VVV,V,1,M1,35,0,35
A,VV,VVV,V,1,M1,24,0,24
A,VV,VVV,V,1,M1,30,0,30
A,VV,VVV,V,2,M1,55,13,42
A,VV,VVV,V,2,M1,77,73,4
A,VV,VVV,V,2,M1,NA,NA,NA
A,VV,VVV,V,2,M1,78,67,11
A,VV,VVV,V,2,M1,NA,NA,NA
A,VV,VVV,V,2,M1,NA,NA,NA
A,VV,VVV,V,2,M1,87,64,23
A,VV,VVV,V,2,M1,93,73,20
A,VV,VVV,V,2,M1,67,40,27
A,VV,VVV,V,2,M1,102,70,32
A,VV,VVC,V,1,M2,1,1,0
A,VV,VVC,V,1,M2,6,5,1
A,VV,VVC,V,1,M2,47,12,35
A,VV,VVC,V,1,M2,28,24,4
A,VV,VVC,V,1,M2,14,13,1
A,VV,VVC,V,1,M2,27,26,1
A,VV,VVC,V,1,M2,33,32,1
A,VV,VVC,V,1,M2,0,0,0
A,VV,VVC,V,1,M2,NA,NA,NA
A,VV,VVC,V,1,M2,14,0,14
A,VV,VVC,V,2,M2,77,69,8
A,VV,VVC,V,2,M2,74,58,16
A,VV,VVC,V,2,M2,94,24,70
A,VV,VVC,V,2,M2,68,5,63
A,VV,VVC,V,2,M2,NA,NA,NA
A,VV,VVC,V,2,M2,NA,NA,NA
A,VV,VVC,V,2,M2,87,83,4
A,VV,VVC,V,2,M2,0,0,0
A,VV,VVC,V,2,M2,NA,NA,NA
A,VV,VVC,V,2,M2,NA,NA,NA
A,VV,VVC,V,1,M1,24,0,24
A,VV,VVC,V,1,M1,25,0,25
A,VV,VVC,V,1,M1,35,0,35
A,VV,VVC,V,1,M1,17,0,17
A,VV,VVC,V,1,M1,33,0,33
A,VV,VVC,V,1,M1,34,0,34
A,VV,VVC,V,1,M1,25,0,25
A,VV,VVC,V,1,M1,10,0,10
A,VV,VVC,V,1,M1,8,0,8
A,VV,VVC,V,1,M1,NA,NA,NA
A,VV,VVC,V,2,M1,NA,NA,NA
A,VV,VVC,V,2,M1,102,66,36
A,VV,VVC,V,2,M1,98,0,98
A,VV,VVC,V,2,M1,56,2,54
A,VV,VVC,V,2,M1,71,19,52
A,VV,VVC,V,2,M1,NA,NA,NA
A,VV,VVC,V,2,M1,74,47,27
A,VV,VVC,V,2,M1,76,31,45
A,VV,VVC,V,2,M1,78,57,21
A,VV,VVC,V,2,M1,NA,NA,NA
A,VC,VCV,V,1,M2,24,13,11
A,VC,VCV,V,1,M2,NA,NA,NA
A,VC,VCV,V,1,M2,NA,NA,NA
A,VC,VCV,V,1,M2,14,4,10
A,VC,VCV,V,1,M2,21,11,10
A,VC,VCV,V,1,M2,39,26,13
A,VC,VCV,V,1,M2,8,8,0
A,VC,VCV,V,1,M2,9,6,3
A,VC,VCV,V,1,M2,14,14,0
A,VC,VCV,V,1,M2,4,2,2
A,VC,VCV,V,2,M2,NA,NA,NA
A,VC,VCV,V,2,M2,NA,NA,NA
A,VC,VCV,V,2,M2,NA,NA,NA
A,VC,VCV,V,2,M2,NA,NA,NA
A,VC,VCV,V,2,M2,99,17,82
A,VC,VCV,V,2,M2,96,32,64
A,VC,VCV,V,2,M2,NA,NA,NA
A,VC,VCV,V,2,M2,48,1,47
A,VC,VCV,V,2,M2,81,21,60
A,VC,VCV,V,2,M2,66,24,42
A,VC,VCV,V,1,M1,16,0,16
A,VC,VCV,V,1,M1,24,0,24
A,VC,VCV,V,1,M1,9,0,9
A,VC,VCV,V,1,M1,30,0,30
A,VC,VCV,V,1,M1,39,0,39
A,VC,VCV,V,1,M1,13,0,13
A,VC,VCV,V,1,M1,16,0,16
A,VC,VCV,V,1,M1,11,0,11
A,VC,VCV,V,1,M1,NA,NA,NA
A,VC,VCV,V,1,M1,26,0,26
A,VC,VCV,V,2,M1,NA,NA,NA
A,VC,VCV,V,2,M1,NA,NA,NA
A,VC,VCV,V,2,M1,56,24,32
A,VC,VCV,V,2,M1,70,65,5
A,VC,VCV,V,2,M1,61,30,31
A,VC,VCV,V,2,M1,67,59,8
A,VC,VCV,V,2,M1,NA,NA,NA
A,VC,VCV,V,2,M1,74,73,1
A,VC,VCV,V,2,M1,NA,NA,NA
A,VC,VCV,V,2,M1,NA,NA,NA
A,VC,VCC,V,1,M2,NA,NA,NA
A,VC,VCC,V,1,M2,0,0,0
A,VC,VCC,V,1,M2,22,12,10
A,VC,VCC,V,1,M2,22,17,5
A,VC,VCC,V,1,M2,13,5,8
A,VC,VCC,V,1,M2,19,19,0
A,VC,VCC,V,1,M2,NA,NA,NA
A,VC,VCC,V,1,M2,33,10,23
A,VC,VCC,V,1,M2,20,14,6
A,VC,VCC,V,1,M2,25,12,13
A,VC,VCC,V,2,M2,NA,NA,NA
A,VC,VCC,V,2,M2,NA,NA,NA
A,VC,VCC,V,2,M2,NA,NA,NA
A,VC,VCC,V,2,M2,62,19,43
A,VC,VCC,V,2,M2,NA,NA,NA
A,VC,VCC,V,2,M2,70,25,45
A,VC,VCC,V,2,M2,NA,NA,NA
A,VC,VCC,V,2,M2,68,28,40
A,VC,VCC,V,2,M2,77,23,54
A,VC,VCC,V,2,M2,NA,NA,NA
A,VC,VCC,V,1,M1,33,0,33
A,VC,VCC,V,1,M1,41,0,41
A,VC,VCC,V,1,M1,23,0,23
A,VC,VCC,V,1,M1,18,0,18
A,VC,VCC,V,1,M1,24,0,24
A,VC,VCC,V,1,M1,NA,NA,NA
A,VC,VCC,V,1,M1,49,0,49
A,VC,VCC,V,1,M1,NA,NA,NA
A,VC,VCC,V,1,M1,29,0,29
A,VC,VCC,V,1,M1,20,0,20
A,VC,VCC,V,2,M1,NA,NA,NA
A,VC,VCC,V,2,M1,91,59,32
A,VC,VCC,V,2,M1,78,37,41
A,VC,VCC,V,2,M1,72,22,50
A,VC,VCC,V,2,M1,NA,NA,NA
A,VC,VCC,V,2,M1,NA,NA,NA
A,VC,VCC,V,2,M1,98,52,46
A,VC,VCC,V,2,M1,NA,NA,NA
A,VC,VCC,V,2,M1,94,55,39
A,VC,VCC,V,2,M1,65,53,12
B,CC,CCC,C,1,CONTROL,23,18,5
B,CC,CCC,C,1,CONTROL,7,3,4
B,CC,CCC,C,1,CONTROL,3,2,1
B,CC,CCC,C,1,CONTROL,33,33,0
B,CC,CCC,C,1,CONTROL,28,22,6
B,CC,CCC,C,1,CONTROL,6,1,5
B,CC,CCC,C,1,CONTROL,26,25,1
B,CC,CCC,C,1,CONTROL,43,37,6
B,CC,CCC,C,1,CONTROL,27,23,4
B,CC,CCC,C,1,CONTROL,NA,NA,NA
B,CC,CCC,C,2,CONTROL,NA,NA,NA
B,CC,CCC,C,2,CONTROL,0,0,0
B,CC,CCC,C,2,CONTROL,52,47,5
B,CC,CCC,C,2,CONTROL,69,62,7
B,CC,CCC,C,2,CONTROL,58,43,15
B,CC,CCC,C,2,CONTROL,1,1,0
B,CC,CCC,C,2,CONTROL,NA,NA,NA
B,CC,CCC,C,2,CONTROL,NA,NA,NA
B,CC,CCC,C,2,CONTROL,37,33,4
B,CC,CCC,C,2,CONTROL,NA,NA,NA
B,CC,CCV,C,1,CONTROL,23,15,8
B,CC,CCV,C,1,CONTROL,38,34,4
B,CC,CCV,C,1,CONTROL,NA,NA,NA
B,CC,CCV,C,1,CONTROL,24,22,2
B,CC,CCV,C,1,CONTROL,37,36,1
B,CC,CCV,C,1,CONTROL,25,24,1
B,CC,CCV,C,1,CONTROL,NA,NA,NA
B,CC,CCV,C,1,CONTROL,NA,NA,NA
B,CC,CCV,C,1,CONTROL,28,24,4
B,CC,CCV,C,1,CONTROL,20,19,1
B,CC,CCV,C,2,CONTROL,62,35,27
B,CC,CCV,C,2,CONTROL,NA,NA,NA
B,CC,CCV,C,2,CONTROL,NA,NA,NA
B,CC,CCV,C,2,CONTROL,NA,NA,NA
B,CC,CCV,C,2,CONTROL,71,53,18
B,CC,CCV,C,2,CONTROL,NA,NA,NA
B,CC,CCV,C,2,CONTROL,NA,NA,NA
B,CC,CCV,C,2,CONTROL,NA,NA,NA
B,CC,CCV,C,2,CONTROL,NA,NA,NA
B,CC,CCV,C,2,CONTROL,NA,NA,NA
B,CV,CVC,C,1,CONTROL,17,1,16
B,CV,CVC,C,1,CONTROL,39,0,39
B,CV,CVC,C,1,CONTROL,8,0,8
B,CV,CVC,C,1,CONTROL,NA,NA,NA
B,CV,CVC,C,1,CONTROL,50,2,48
B,CV,CVC,C,1,CONTROL,34,0,34
B,CV,CVC,C,1,CONTROL,NA,NA,NA
B,CV,CVC,C,1,CONTROL,NA,NA,NA
B,CV,CVC,C,1,CONTROL,NA,NA,NA
B,CV,CVC,C,1,CONTROL,NA,NA,NA
B,CV,CVC,C,2,CONTROL,31,23,8
B,CV,CVC,C,2,CONTROL,69,55,14
B,CV,CVC,C,2,CONTROL,0,0,0
B,CV,CVC,C,2,CONTROL,NA,NA,NA
B,CV,CVC,C,2,CONTROL,95,60,35
B,CV,CVC,C,2,CONTROL,85,53,32
B,CV,CVC,C,2,CONTROL,NA,NA,NA
B,CV,CVC,C,2,CONTROL,NA,NA,NA
B,CV,CVC,C,2,CONTROL,NA,NA,NA
B,CV,CVC,C,2,CONTROL,NA,NA,NA
B,CV,CVV,C,1,CONTROL,35,0,35
B,CV,CVV,C,1,CONTROL,NA,NA,NA
B,CV,CVV,C,1,CONTROL,14,3,11
B,CV,CVV,C,1,CONTROL,28,1,27
B,CV,CVV,C,1,CONTROL,32,3,29
B,CV,CVV,C,1,CONTROL,4,0,4
B,CV,CVV,C,1,CONTROL,NA,NA,NA
B,CV,CVV,C,1,CONTROL,NA,NA,NA
B,CV,CVV,C,1,CONTROL,NA,NA,NA
B,CV,CVV,C,1,CONTROL,NA,NA,NA
B,CV,CVV,C,2,CONTROL,NA,NA,NA
B,CV,CVV,C,2,CONTROL,NA,NA,NA
B,CV,CVV,C,2,CONTROL,NA,NA,NA
B,CV,CVV,C,2,CONTROL,63,5,58
B,CV,CVV,C,2,CONTROL,NA,NA,NA
B,CV,CVV,C,2,CONTROL,NA,NA,NA
B,CV,CVV,C,2,CONTROL,NA,NA,NA
B,CV,CVV,C,2,CONTROL,NA,NA,NA
B,CV,CVV,C,2,CONTROL,NA,NA,NA
B,CV,CVV,C,2,CONTROL,NA,NA,NA
B,CC,CCC,C,1,DOUBLE,8,0,8
B,CC,CCC,C,1,DOUBLE,29,0,29
B,CC,CCC,C,1,DOUBLE,15,0,15
B,CC,CCC,C,1,DOUBLE,NA,NA,NA
B,CC,CCC,C,1,DOUBLE,26,0,26
B,CC,CCC,C,1,DOUBLE,9,0,9
B,CC,CCC,C,1,DOUBLE,50,0,50
B,CC,CCC,C,1,DOUBLE,48,0,48
B,CC,CCC,C,1,DOUBLE,38,0,38
B,CC,CCC,C,1,DOUBLE,21,0,21
B,CC,CCC,C,2,DOUBLE,NA,NA,NA
B,CC,CCC,C,2,DOUBLE,80,0,80
B,CC,CCC,C,2,DOUBLE,9,0,9
B,CC,CCC,C,2,DOUBLE,NA,NA,NA
B,CC,CCC,C,2,DOUBLE,84,0,84
B,CC,CCC,C,2,DOUBLE,NA,NA,NA
B,CC,CCC,C,2,DOUBLE,82,0,82
B,CC,CCC,C,2,DOUBLE,NA,NA,NA
B,CC,CCC,C,2,DOUBLE,84,0,84
B,CC,CCC,C,2,DOUBLE,75,0,75
B,CV,CVV,C,1,DOUBLE,29,0,29
B,CV,CVV,C,1,DOUBLE,43,0,43
B,CV,CVV,C,1,DOUBLE,33,0,33
B,CV,CVV,C,1,DOUBLE,37,0,37
B,CV,CVV,C,1,DOUBLE,30,0,30
B,CV,CVV,C,1,DOUBLE,NA,NA,NA
B,CV,CVV,C,1,DOUBLE,25,0,25
B,CV,CVV,C,1,DOUBLE,38,0,38
B,CV,CVV,C,1,DOUBLE,34,0,34
B,CV,CVV,C,1,DOUBLE,22,0,22
B,CV,CVV,C,2,DOUBLE,81,0,81
B,CV,CVV,C,2,DOUBLE,83,0,83
B,CV,CVV,C,2,DOUBLE,79,0,79
B,CV,CVV,C,2,DOUBLE,71,0,71
B,CV,CVV,C,2,DOUBLE,78,0,78
B,CV,CVV,C,2,DOUBLE,NA,NA,NA
B,CV,CVV,C,2,DOUBLE,NA,NA,NA
B,CV,CVV,C,2,DOUBLE,73,0,73
B,CV,CVV,C,2,DOUBLE,63,0,63
B,CV,CVV,C,2,DOUBLE,58,0,58
B,CC,CCC,C,1,M2,10,7,3
B,CC,CCC,C,1,M2,28,20,8
B,CC,CCC,C,1,M2,33,29,4
B,CC,CCC,C,1,M2,38,18,20
B,CC,CCC,C,1,M2,1,0,1
B,CC,CCC,C,1,M2,42,41,1
B,CC,CCC,C,1,M2,51,49,2
B,CC,CCC,C,1,M2,0,0,0
B,CC,CCC,C,1,M2,NA,NA,NA
B,CC,CCC,C,1,M2,12,12,0
B,CC,CCC,C,2,M2,NA,NA,NA
B,CC,CCC,C,2,M2,44,15,29
B,CC,CCC,C,2,M2,72,44,28
B,CC,CCC,C,2,M2,40,21,19
B,CC,CCC,C,2,M2,6,0,6
B,CC,CCC,C,2,M2,NA,NA,NA
B,CC,CCC,C,2,M2,NA,NA,NA
B,CC,CCC,C,2,M2,NA,NA,NA
B,CC,CCC,C,2,M2,NA,NA,NA
B,CC,CCC,C,2,M2,79,58,21
B,CC,CCC,C,1,M1,8,0,8
B,CC,CCC,C,1,M1,0,0,0
B,CC,CCC,C,1,M1,36,0,36
B,CC,CCC,C,1,M1,32,0,32
B,CC,CCC,C,1,M1,31,0,31
B,CC,CCC,C,1,M1,29,0,29
B,CC,CCC,C,1,M1,27,0,27
B,CC,CCC,C,1,M1,NA,NA,NA
B,CC,CCC,C,1,M1,18,0,18
B,CC,CCC,C,1,M1,NA,NA,NA
B,CC,CCC,C,2,M1,NA,NA,NA
B,CC,CCC,C,2,M1,38,21,17
B,CC,CCC,C,2,M1,71,47,24
B,CC,CCC,C,2,M1,68,26,42
B,CC,CCC,C,2,M1,72,43,29
B,CC,CCC,C,2,M1,NA,NA,NA
B,CC,CCC,C,2,M1,NA,NA,NA
B,CC,CCC,C,2,M1,NA,NA,NA
B,CC,CCC,C,2,M1,NA,NA,NA
B,CC,CCC,C,2,M1,NA,NA,NA
B,CC,CCV,C,1,M2,15,0,15
B,CC,CCV,C,1,M2,34,33,1
B,CC,CCV,C,1,M2,33,29,4
B,CC,CCV,C,1,M2,26,26,0
B,CC,CCV,C,1,M2,13,13,0
B,CC,CCV,C,1,M2,36,36,0
B,CC,CCV,C,1,M2,35,29,6
B,CC,CCV,C,1,M2,30,28,2
B,CC,CCV,C,1,M2,46,44,2
B,CC,CCV,C,1,M2,0,0,0
B,CC,CCV,C,2,M2,NA,NA,NA
B,CC,CCV,C,2,M2,79,62,17
B,CC,CCV,C,2,M2,23,20,3
B,CC,CCV,C,2,M2,0,0,0
B,CC,CCV,C,2,M2,17,16,1
B,CC,CCV,C,2,M2,60,50,10
B,CC,CCV,C,2,M2,NA,NA,NA
B,CC,CCV,C,2,M2,55,0,55
B,CC,CCV,C,2,M2,NA,NA,NA
B,CC,CCV,C,2,M2,0,0,0
B,CC,CCV,C,1,M1,28,0,28
B,CC,CCV,C,1,M1,39,0,39
B,CC,CCV,C,1,M1,33,0,33
B,CC,CCV,C,1,M1,0,0,0
B,CC,CCV,C,1,M1,NA,NA,NA
B,CC,CCV,C,1,M1,37,0,37
B,CC,CCV,C,1,M1,15,0,15
B,CC,CCV,C,1,M1,11,0,11
B,CC,CCV,C,1,M1,46,0,46
B,CC,CCV,C,1,M1,0,0,0
B,CC,CCV,C,2,M1,5,0,5
B,CC,CCV,C,2,M1,63,0,63
B,CC,CCV,C,2,M1,NA,NA,NA
B,CC,CCV,C,2,M1,21,0,21
B,CC,CCV,C,2,M1,NA,NA,NA
B,CC,CCV,C,2,M1,68,2,66
B,CC,CCV,C,2,M1,36,2,34
B,CC,CCV,C,2,M1,4,1,3
B,CC,CCV,C,2,M1,NA,NA,NA
B,CC,CCV,C,2,M1,NA,NA,NA
B,CV,CVC,C,1,M2,36,1,35
B,CV,CVC,C,1,M2,32,2,30
B,CV,CVC,C,1,M2,26,3,23
B,CV,CVC,C,1,M2,29,3,26
B,CV,CVC,C,1,M2,48,9,39
B,CV,CVC,C,1,M2,NA,NA,NA
B,CV,CVC,C,1,M2,12,0,12
B,CV,CVC,C,1,M2,0,0,0
B,CV,CVC,C,1,M2,NA,NA,NA
B,CV,CVC,C,1,M2,29,4,25
B,CV,CVC,C,2,M2,NA,NA,NA
B,CV,CVC,C,2,M2,69,3,66
B,CV,CVC,C,2,M2,0,0,0
B,CV,CVC,C,2,M2,5,0,5
B,CV,CVC,C,2,M2,13,0,13
B,CV,CVC,C,2,M2,NA,NA,NA
B,CV,CVC,C,2,M2,65,0,65
B,CV,CVC,C,2,M2,26,0,26
B,CV,CVC,C,2,M2,NA,NA,NA
B,CV,CVC,C,2,M2,65,1,64
B,CV,CVC,C,1,M1,48,0,48
B,CV,CVC,C,1,M1,23,0,23
B,CV,CVC,C,1,M1,54,0,54
B,CV,CVC,C,1,M1,20,0,20
B,CV,CVC,C,1,M1,35,0,35
B,CV,CVC,C,1,M1,15,0,15
B,CV,CVC,C,1,M1,38,0,38
B,CV,CVC,C,1,M1,21,0,21
B,CV,CVC,C,1,M1,NA,NA,NA
B,CV,CVC,C,1,M1,36,0,36
B,CV,CVC,C,2,M1,73,56,17
B,CV,CVC,C,2,M1,88,74,14
B,CV,CVC,C,2,M1,84,73,11
B,CV,CVC,C,2,M1,63,19,44
B,CV,CVC,C,2,M1,71,36,35
B,CV,CVC,C,2,M1,25,15,10
B,CV,CVC,C,2,M1,23,0,23
B,CV,CVC,C,2,M1,64,51,13
B,CV,CVC,C,2,M1,NA,NA,NA
B,CV,CVC,C,2,M1,65,53,12
B,CV,CVV,C,1,M2,NA,NA,NA
B,CV,CVV,C,1,M2,NA,NA,NA
B,CV,CVV,C,1,M2,NA,NA,NA
B,CV,CVV,C,1,M2,34,3,31
B,CV,CVV,C,1,M2,0,0,0
B,CV,CVV,C,1,M2,14,0,14
B,CV,CVV,C,1,M2,24,0,24
B,CV,CVV,C,1,M2,NA,NA,NA
B,CV,CVV,C,1,M2,NA,NA,NA
B,CV,CVV,C,1,M2,NA,NA,NA
B,CV,CVV,C,2,M2,NA,NA,NA
B,CV,CVV,C,2,M2,NA,NA,NA
B,CV,CVV,C,2,M2,NA,NA,NA
B,CV,CVV,C,2,M2,57,3,54
B,CV,CVV,C,2,M2,NA,NA,NA
B,CV,CVV,C,2,M2,52,2,50
B,CV,CVV,C,2,M2,63,0,63
B,CV,CVV,C,2,M2,NA,NA,NA
B,CV,CVV,C,2,M2,NA,NA,NA
B,CV,CVV,C,2,M2,NA,NA,NA
B,CV,CVV,C,1,M1,28,0,28
B,CV,CVV,C,1,M1,0,0,0
B,CV,CVV,C,1,M1,3,0,3
B,CV,CVV,C,1,M1,24,0,24
B,CV,CVV,C,1,M1,31,0,31
B,CV,CVV,C,1,M1,0,0,0
B,CV,CVV,C,2,M1,14,0,14
B,CV,CVV,C,2,M1,NA,NA,NA
B,CV,CVV,C,2,M1,NA,NA,NA
B,CV,CVV,C,2,M1,64,4,60
B,CV,CVV,C,2,M1,NA,NA,NA
B,CV,CVV,C,2,M1,NA,NA,NA
C,VV,VVV,V,1,CONTROL,12,0,12
C,VV,VVV,V,1,CONTROL,23,23,0
C,VV,VVV,V,1,CONTROL,22,22,0
C,VV,VVV,V,1,CONTROL,21,13,8
C,VV,VVV,V,1,CONTROL,16,13,3
C,VV,VVV,V,1,CONTROL,32,17,15
C,VV,VVV,V,1,CONTROL,13,9,4
C,VV,VVV,V,1,CONTROL,17,5,12
C,VV,VVV,V,1,CONTROL,22,16,6
C,VV,VVV,V,1,CONTROL,26,25,1
C,VV,VVV,V,2,CONTROL,71,60,11
C,VV,VVV,V,2,CONTROL,66,57,9
C,VV,VVV,V,2,CONTROL,81,76,5
C,VV,VVV,V,2,CONTROL,75,61,14
C,VV,VVV,V,2,CONTROL,66,53,13
C,VV,VVV,V,2,CONTROL,NA,NA,NA
C,VV,VVV,V,2,CONTROL,62,55,7
C,VV,VVV,V,2,CONTROL,NA,NA,NA
C,VV,VVV,V,2,CONTROL,NA,NA,NA
C,VV,VVV,V,2,CONTROL,58,55,3
C,VV,VVC,V,1,CONTROL,24,21,3
C,VV,VVC,V,1,CONTROL,8,8,0
C,VV,VVC,V,1,CONTROL,15,7,8
C,VV,VVC,V,1,CONTROL,18,1,17
C,VV,VVC,V,1,CONTROL,35,34,1
C,VV,VVC,V,1,CONTROL,22,12,10
C,VV,VVC,V,1,CONTROL,34,25,9
C,VV,VVC,V,1,CONTROL,29,26,3
C,VV,VVC,V,1,CONTROL,42,39,3
C,VV,VVC,V,1,CONTROL,42,20,22
C,VV,VVC,V,2,CONTROL,66,63,3
C,VV,VVC,V,2,CONTROL,66,30,36
C,VV,VVC,V,2,CONTROL,75,60,15
C,VV,VVC,V,2,CONTROL,81,9,72
C,VV,VVC,V,2,CONTROL,92,63,29
C,VV,VVC,V,2,CONTROL,72,37,35
C,VV,VVC,V,2,CONTROL,NA,NA,NA
C,VV,VVC,V,2,CONTROL,56,26,30
C,VV,VVC,V,2,CONTROL,87,39,48
C,VV,VVC,V,2,CONTROL,NA,NA,NA
C,VC,VCV,V,1,CONTROL,47,23,24
C,VC,VCV,V,1,CONTROL,10,6,4
C,VC,VCV,V,1,CONTROL,NA,NA,NA
C,VC,VCV,V,1,CONTROL,23,0,23
C,VC,VCV,V,1,CONTROL,NA,NA,NA
C,VC,VCV,V,1,CONTROL,29,12,17
C,VC,VCV,V,1,CONTROL,48,31,17
C,VC,VCV,V,1,CONTROL,NA,NA,NA
C,VC,VCV,V,1,CONTROL,42,27,15
C,VC,VCV,V,1,CONTROL,36,21,15
C,VC,VCV,V,2,CONTROL,81,77,4
C,VC,VCV,V,2,CONTROL,67,57,10
C,VC,VCV,V,2,CONTROL,NA,NA,NA
C,VC,VCV,V,2,CONTROL,47,37,10
C,VC,VCV,V,2,CONTROL,NA,NA,NA
C,VC,VCV,V,2,CONTROL,60,57,3
C,VC,VCV,V,2,CONTROL,87,67,20
C,VC,VCV,V,2,CONTROL,NA,NA,NA
C,VC,VCV,V,2,CONTROL,44,44,0
C,VC,VCV,V,2,CONTROL,56,53,3
C,VC,VCC,V,1,CONTROL,27,1,26
C,VC,VCC,V,1,CONTROL,33,13,20
C,VC,VCC,V,1,CONTROL,18,3,15
C,VC,VCC,V,1,CONTROL,NA,NA,NA
C,VC,VCC,V,1,CONTROL,NA,NA,NA
C,VC,VCC,V,1,CONTROL,35,17,18
C,VC,VCC,V,1,CONTROL,23,22,1
C,VC,VCC,V,1,CONTROL,46,1,45
C,VC,VCC,V,1,CONTROL,19,16,3
C,VC,VCC,V,1,CONTROL,19,11,8
C,VC,VCC,V,2,CONTROL,79,22,57
C,VC,VCC,V,2,CONTROL,82,25,57
C,VC,VCC,V,2,CONTROL,68,35,33
C,VC,VCC,V,2,CONTROL,NA,NA,NA
C,VC,VCC,V,2,CONTROL,NA,NA,NA
C,VC,VCC,V,2,CONTROL,70,25,45
C,VC,VCC,V,2,CONTROL,91,53,38
C,VC,VCC,V,2,CONTROL,91,28,63
C,VC,VCC,V,2,CONTROL,NA,NA,NA
C,VC,VCC,V,2,CONTROL,NA,NA,NA
C,VV,VVV,V,1,DOUBLE,34,0,34
C,VV,VVV,V,1,DOUBLE,22,0,22
C,VV,VVV,V,1,DOUBLE,NA,NA,NA
C,VV,VVV,V,1,DOUBLE,18,0,18
C,VV,VVV,V,1,DOUBLE,NA,NA,NA
C,VV,VVV,V,1,DOUBLE,28,0,28
C,VV,VVV,V,1,DOUBLE,NA,NA,NA
C,VV,VVV,V,1,DOUBLE,3,0,3
C,VV,VVV,V,1,DOUBLE,0,0,0
C,VV,VVV,V,1,DOUBLE,NA,NA,NA
C,VV,VVV,V,2,DOUBLE,93,0,93
C,VV,VVV,V,2,DOUBLE,41,0,41
C,VV,VVV,V,2,DOUBLE,NA,NA,NA
C,VV,VVV,V,2,DOUBLE,79,0,79
C,VV,VVV,V,2,DOUBLE,NA,NA,NA
C,VV,VVV,V,2,DOUBLE,NA,NA,NA
C,VV,VVV,V,2,DOUBLE,NA,NA,NA
C,VV,VVV,V,2,DOUBLE,50,0,50
C,VV,VVV,V,2,DOUBLE,25,0,25
C,VV,VVV,V,2,DOUBLE,NA,NA,NA
C,VC,VCC,V,1,DOUBLE,NA,NA,NA
C,VC,VCC,V,1,DOUBLE,41,0,41
C,VC,VCC,V,1,DOUBLE,25,0,25
C,VC,VCC,V,1,DOUBLE,4,0,4
C,VC,VCC,V,1,DOUBLE,0,0,0
C,VC,VCC,V,1,DOUBLE,NA,NA,NA
C,VC,VCC,V,1,DOUBLE,17,0,17
C,VC,VCC,V,1,DOUBLE,25,0,25
C,VC,VCC,V,1,DOUBLE,NA,NA,NA
C,VC,VCC,V,1,DOUBLE,NA,NA,NA
C,VC,VCC,V,2,DOUBLE,NA,NA,NA
C,VC,VCC,V,2,DOUBLE,NA,NA,NA
C,VC,VCC,V,2,DOUBLE,72,0,72
C,VC,VCC,V,2,DOUBLE,NA,NA,NA
C,VC,VCC,V,2,DOUBLE,NA,NA,NA
C,VC,VCC,V,2,DOUBLE,NA,NA,NA
C,VC,VCC,V,2,DOUBLE,73,0,73
C,VC,VCC,V,2,DOUBLE,54,0,54
C,VC,VCC,V,2,DOUBLE,NA,NA,NA
C,VC,VCC,V,2,DOUBLE,NA,NA,NA
C,VV,VVV,V,1,M2,26,26,0
C,VV,VVV,V,1,M2,21,17,4
C,VV,VVV,V,1,M2,14,13,1
C,VV,VVV,V,1,M2,NA,NA,NA
C,VV,VVV,V,1,M2,17,12,5
C,VV,VVV,V,1,M2,5,2,3
C,VV,VVV,V,1,M2,15,12,3
C,VV,VVV,V,1,M2,26,20,6
C,VV,VVV,V,1,M2,32,30,2
C,VV,VVV,V,1,M2,12,6,6
C,VV,VVV,V,2,M2,67,59,8
C,VV,VVV,V,2,M2,70,42,28
C,VV,VVV,V,2,M2,NA,NA,NA
C,VV,VVV,V,2,M2,NA,NA,NA
C,VV,VVV,V,2,M2,63,44,19
C,VV,VVV,V,2,M2,50,0,50
C,VV,VVV,V,2,M2,NA,NA,NA
C,VV,VVV,V,2,M2,63,15,48
C,VV,VVV,V,2,M2,64,8,56
C,VV,VVV,V,2,M2,70,48,22
C,VV,VVV,V,1,M1,36,0,36
C,VV,VVV,V,1,M1,24,0,24
C,VV,VVV,V,1,M1,25,0,25
C,VV,VVV,V,1,M1,18,0,18
C,VV,VVV,V,1,M1,20,0,20
C,VV,VVV,V,1,M1,NA,NA,NA
C,VV,VVV,V,1,M1,21,0,21
C,VV,VVV,V,1,M1,NA,NA,NA
C,VV,VVV,V,1,M1,16,0,16
C,VV,VVV,V,1,M1,7,0,7
C,VV,VVV,V,2,M1,76,71,5
C,VV,VVV,V,2,M1,91,86,5
C,VV,VVV,V,2,M1,73,62,11
C,VV,VVV,V,2,M1,NA,NA,NA
C,VV,VVV,V,2,M1,NA,NA,NA
C,VV,VVV,V,2,M1,NA,NA,NA
C,VV,VVV,V,2,M1,66,53,13
C,VV,VVV,V,2,M1,NA,NA,NA
C,VV,VVV,V,2,M1,NA,NA,NA
C,VV,VVV,V,2,M1,48,37,11
C,VV,VVC,V,1,M2,26,23,3
C,VV,VVC,V,1,M2,30,24,6
C,VV,VVC,V,1,M2,20,16,4
C,VV,VVC,V,1,M2,11,11,0
C,VV,VVC,V,1,M2,31,3,28
C,VV,VVC,V,1,M2,13,10,3
C,VV,VVC,V,1,M2,29,22,7
C,VV,VVC,V,1,M2,0,0,0
C,VV,VVC,V,1,M2,24,20,4
C,VV,VVC,V,1,M2,1,0,1
C,VV,VVC,V,2,M2,66,41,25
C,VV,VVC,V,2,M2,77,46,31
C,VV,VVC,V,2,M2,84,36,48
C,VV,VVC,V,2,M2,NA,NA,NA
C,VV,VVC,V,2,M2,78,37,41
C,VV,VVC,V,2,M2,53,18,35
C,VV,VVC,V,2,M2,77,16,61
C,VV,VVC,V,2,M2,18,0,18
C,VV,VVC,V,2,M2,NA,NA,NA
C,VV,VVC,V,2,M2,18,14,4
C,VV,VVC,V,1,M1,NA,NA,NA
C,VV,VVC,V,1,M1,NA,NA,NA
C,VV,VVC,V,1,M1,13,0,13
C,VV,VVC,V,1,M1,13,0,13
C,VV,VVC,V,1,M1,16,0,16
C,VV,VVC,V,1,M1,14,0,14
C,VV,VVC,V,1,M1,13,0,13
C,VV,VVC,V,1,M1,7,0,7
C,VV,VVC,V,1,M1,NA,NA,NA
C,VV,VVC,V,1,M1,2,0,2
C,VV,VVC,V,2,M1,NA,NA,NA
C,VV,VVC,V,2,M1,NA,NA,NA
C,VV,VVC,V,2,M1,88,46,42
C,VV,VVC,V,2,M1,63,40,23
C,VV,VVC,V,2,M1,NA,NA,NA
C,VV,VVC,V,2,M1,56,22,34
C,VV,VVC,V,2,M1,57,34,23
C,VV,VVC,V,2,M1,92,29,63
C,VV,VVC,V,2,M1,NA,NA,NA
C,VV,VVC,V,2,M1,NA,NA,NA
C,VC,VCV,V,1,M2,NA,NA,NA
C,VC,VCV,V,1,M2,13,4,9
C,VC,VCV,V,1,M2,25,10,15
C,VC,VCV,V,1,M2,17,14,3
C,VC,VCV,V,1,M2,29,13,16
C,VC,VCV,V,1,M2,NA,NA,NA
C,VC,VCV,V,1,M2,NA,NA,NA
C,VC,VCV,V,1,M2,17,14,3
C,VC,VCV,V,1,M2,14,7,7
C,VC,VCV,V,1,M2,14,5,9
C,VC,VCV,V,2,M2,NA,NA,NA
C,VC,VCV,V,2,M2,64,15,49
C,VC,VCV,V,2,M2,75,3,72
C,VC,VCV,V,2,M2,66,14,52
C,VC,VCV,V,2,M2,66,12,54
C,VC,VCV,V,2,M2,NA,NA,NA
C,VC,VCV,V,2,M2,NA,NA,NA
C,VC,VCV,V,2,M2,NA,NA,NA
C,VC,VCV,V,2,M2,67,10,57
C,VC,VCV,V,2,M2,87,24,63
C,VC,VCV,V,1,M1,19,0,19
C,VC,VCV,V,1,M1,24,0,24
C,VC,VCV,V,1,M1,20,0,20
C,VC,VCV,V,1,M1,NA,NA,NA
C,VC,VCV,V,1,M1,15,0,15
C,VC,VCV,V,1,M1,NA,NA,NA
C,VC,VCV,V,1,M1,NA,NA,NA
C,VC,VCV,V,1,M1,NA,NA,NA
C,VC,VCV,V,1,M1,22,0,22
C,VC,VCV,V,1,M1,0,0,0
C,VC,VCV,V,2,M1,67,0,67
C,VC,VCV,V,2,M1,73,43,30
C,VC,VCV,V,2,M1,57,54,3
C,VC,VCV,V,2,M1,NA,NA,NA
C,VC,VCV,V,2,M1,85,42,43
C,VC,VCV,V,2,M1,NA,NA,NA
C,VC,VCV,V,2,M1,NA,NA,NA
C,VC,VCV,V,2,M1,NA,NA,NA
C,VC,VCV,V,2,M1,49,27,22
C,VC,VCV,V,2,M1,0,0,0
C,VC,VCC,V,1,M2,NA,NA,NA
C,VC,VCC,V,1,M2,20,12,8
C,VC,VCC,V,1,M2,28,22,6
C,VC,VCC,V,1,M2,NA,NA,NA
C,VC,VCC,V,1,M2,NA,NA,NA
C,VC,VCC,V,1,M2,35,18,17
C,VC,VCC,V,1,M2,20,11,9
C,VC,VCC,V,1,M2,NA,NA,NA
C,VC,VCC,V,1,M2,49,46,3
C,VC,VCC,V,1,M2,33,23,10
C,VC,VCC,V,2,M2,NA,NA,NA
C,VC,VCC,V,2,M2,83,28,55
C,VC,VCC,V,2,M2,74,16,58
C,VC,VCC,V,2,M2,NA,NA,NA
C,VC,VCC,V,2,M2,NA,NA,NA
C,VC,VCC,V,2,M2,72,11,61
C,VC,VCC,V,2,M2,61,8,53
C,VC,VCC,V,2,M2,NA,NA,NA
C,VC,VCC,V,2,M2,91,0,91
C,VC,VCC,V,2,M2,65,11,54
C,VC,VCC,V,1,M1,NA,NA,NA
C,VC,VCC,V,1,M1,22,0,22
C,VC,VCC,V,1,M1,22,0,22
C,VC,VCC,V,1,M1,26,0,26
C,VC,VCC,V,1,M1,17,0,17
C,VC,VCC,V,1,M1,40,0,40
C,VC,VCC,V,1,M1,6,0,6
C,VC,VCC,V,1,M1,26,0,26
C,VC,VCC,V,1,M1,33,0,33
C,VC,VCC,V,1,M1,22,0,22
C,VC,VCC,V,2,M1,NA,NA,NA
C,VC,VCC,V,2,M1,67,18,49
C,VC,VCC,V,2,M1,NA,NA,NA
C,VC,VCC,V,2,M1,71,15,56
C,VC,VCC,V,2,M1,NA,NA,NA
C,VC,VCC,V,2,M1,NA,NA,NA
C,VC,VCC,V,2,M1,0,0,0
C,VC,VCC,V,2,M1,72,30,42
C,VC,VCC,V,2,M1,97,34,63
C,VC,VCC,V,2,M1,74,31,43
D,CC,CCC,C,1,CONTROL,43,42,1
D,CC,CCC,C,1,CONTROL,29,27,2
D,CC,CCC,C,1,CONTROL,34,27,7
D,CC,CCC,C,1,CONTROL,29,29,0
D,CC,CCC,C,1,CONTROL,32,32,0
D,CC,CCC,C,1,CONTROL,26,0,26
D,CC,CCC,C,1,CONTROL,18,15,3
D,CC,CCC,C,1,CONTROL,19,19,0
D,CC,CCC,C,1,CONTROL,33,30,3
D,CC,CCC,C,1,CONTROL,45,44,1
D,CC,CCC,C,2,CONTROL,NA,NA,NA
D,CC,CCC,C,2,CONTROL,NA,NA,NA
D,CC,CCC,C,2,CONTROL,75,63,12
D,CC,CCC,C,2,CONTROL,65,61,4
D,CC,CCC,C,2,CONTROL,NA,NA,NA
D,CC,CCC,C,2,CONTROL,63,44,19
D,CC,CCC,C,2,CONTROL,65,34,31
D,CC,CCC,C,2,CONTROL,37,28,9
D,CC,CCC,C,2,CONTROL,7,6,1
D,CC,CCC,C,2,CONTROL,79,67,12
D,CC,CCV,C,1,CONTROL,21,0,21
D,CC,CCV,C,1,CONTROL,38,28,10
D,CC,CCV,C,1,CONTROL,27,23,4
D,CC,CCV,C,1,CONTROL,NA,NA,NA
D,CC,CCV,C,1,CONTROL,35,34,1
D,CC,CCV,C,1,CONTROL,NA,NA,NA
D,CC,CCV,C,1,CONTROL,23,20,3
D,CC,CCV,C,1,CONTROL,NA,NA,NA
D,CC,CCV,C,1,CONTROL,NA,NA,NA
D,CC,CCV,C,1,CONTROL,3,2,1
D,CC,CCV,C,2,CONTROL,10,0,10
D,CC,CCV,C,2,CONTROL,NA,NA,NA
D,CC,CCV,C,2,CONTROL,74,61,13
D,CC,CCV,C,2,CONTROL,NA,NA,NA
D,CC,CCV,C,2,CONTROL,85,68,17
D,CC,CCV,C,2,CONTROL,NA,NA,NA
D,CC,CCV,C,2,CONTROL,62,51,11
D,CC,CCV,C,2,CONTROL,NA,NA,NA
D,CC,CCV,C,2,CONTROL,NA,NA,NA
D,CC,CCV,C,2,CONTROL,14,5,9
D,CV,CVC,C,1,CONTROL,7,0,7
D,CV,CVC,C,1,CONTROL,6,0,6
D,CV,CVC,C,1,CONTROL,16,0,16
D,CV,CVC,C,1,CONTROL,20,1,19
D,CV,CVC,C,1,CONTROL,29,3,26
D,CV,CVC,C,1,CONTROL,0,0,0
D,CV,CVC,C,1,CONTROL,20,0,20
D,CV,CVC,C,1,CONTROL,7,1,6
D,CV,CVC,C,1,CONTROL,11,0,11
D,CV,CVC,C,1,CONTROL,0,0,0
D,CV,CVC,C,2,CONTROL,58,47,11
D,CV,CVC,C,2,CONTROL,57,52,5
D,CV,CVC,C,2,CONTROL,43,30,13
D,CV,CVC,C,2,CONTROL,NA,NA,NA
D,CV,CVC,C,2,CONTROL,53,18,35
D,CV,CVC,C,2,CONTROL,NA,NA,NA
D,CV,CVC,C,2,CONTROL,55,28,27
D,CV,CVC,C,2,CONTROL,10,2,8
D,CV,CVC,C,2,CONTROL,53,48,5
D,CV,CVC,C,2,CONTROL,NA,NA,NA
D,CV,CVV,C,1,CONTROL,6,0,6
D,CV,CVV,C,1,CONTROL,NA,NA,NA
D,CV,CVV,C,1,CONTROL,20,3,17
D,CV,CVV,C,1,CONTROL,0,0,0
D,CV,CVV,C,1,CONTROL,23,5,18
D,CV,CVV,C,1,CONTROL,11,1,10
D,CV,CVV,C,1,CONTROL,14,4,10
D,CV,CVV,C,1,CONTROL,0,0,0
D,CV,CVV,C,1,CONTROL,NA,NA,NA
D,CV,CVV,C,1,CONTROL,20,0,20
D,CV,CVV,C,2,CONTROL,66,7,59
D,CV,CVV,C,2,CONTROL,NA,NA,NA
D,CV,CVV,C,2,CONTROL,11,11,0
D,CV,CVV,C,2,CONTROL,NA,NA,NA
D,CV,CVV,C,2,CONTROL,NA,NA,NA
D,CV,CVV,C,2,CONTROL,43,1,42
D,CV,CVV,C,2,CONTROL,NA,NA,NA
D,CV,CVV,C,2,CONTROL,NA,NA,NA
D,CV,CVV,C,2,CONTROL,NA,NA,NA
D,CV,CVV,C,2,CONTROL,NA,NA,NA
D,CC,CCC,C,1,DOUBLE,31,0,31
D,CC,CCC,C,1,DOUBLE,NA,NA,NA
D,CC,CCC,C,1,DOUBLE,NA,NA,NA
D,CC,CCC,C,1,DOUBLE,33,0,33
D,CC,CCC,C,1,DOUBLE,28,0,28
D,CC,CCC,C,1,DOUBLE,24,0,24
D,CC,CCC,C,1,DOUBLE,0,0,0
D,CC,CCC,C,1,DOUBLE,16,0,16
D,CC,CCC,C,1,DOUBLE,NA,NA,NA
D,CC,CCC,C,1,DOUBLE,NA,NA,NA
D,CC,CCC,C,2,DOUBLE,NA,NA,NA
D,CC,CCC,C,2,DOUBLE,NA,NA,NA
D,CC,CCC,C,2,DOUBLE,NA,NA,NA
D,CC,CCC,C,2,DOUBLE,69,0,69
D,CC,CCC,C,2,DOUBLE,54,0,54
D,CC,CCC,C,2,DOUBLE,84,0,84
D,CC,CCC,C,2,DOUBLE,NA,NA,NA
D,CC,CCC,C,2,DOUBLE,NA,NA,NA
D,CC,CCC,C,2,DOUBLE,NA,NA,NA
D,CC,CCC,C,2,DOUBLE,NA,NA,NA
D,CV,CVV,C,1,DOUBLE,34,0,34
D,CV,CVV,C,1,DOUBLE,12,0,12
D,CV,CVV,C,1,DOUBLE,0,0,0
D,CV,CVV,C,1,DOUBLE,18,0,18
D,CV,CVV,C,1,DOUBLE,23,0,23
D,CV,CVV,C,1,DOUBLE,NA,NA,NA
D,CV,CVV,C,1,DOUBLE,19,0,19
D,CV,CVV,C,1,DOUBLE,20,0,20
D,CV,CVV,C,1,DOUBLE,1,0,1
D,CV,CVV,C,1,DOUBLE,NA,NA,NA
D,CV,CVV,C,2,DOUBLE,45,0,45
D,CV,CVV,C,2,DOUBLE,NA,NA,NA
D,CV,CVV,C,2,DOUBLE,NA,NA,NA
D,CV,CVV,C,2,DOUBLE,NA,NA,NA
D,CV,CVV,C,2,DOUBLE,NA,NA,NA
D,CV,CVV,C,2,DOUBLE,NA,NA,NA
D,CV,CVV,C,2,DOUBLE,17,0,17
D,CV,CVV,C,2,DOUBLE,35,0,35
D,CV,CVV,C,2,DOUBLE,NA,NA,NA
D,CV,CVV,C,2,DOUBLE,NA,NA,NA
D,CC,CCC,C,1,M2,7,6,1
D,CC,CCC,C,1,M2,NA,NA,NA
D,CC,CCC,C,1,M2,7,6,1
D,CC,CCC,C,1,M2,26,25,1
D,CC,CCC,C,1,M2,25,24,1
D,CC,CCC,C,1,M2,20,10,10
D,CC,CCC,C,1,M2,22,21,1
D,CC,CCC,C,1,M2,28,26,2
D,CC,CCC,C,1,M2,NA,NA,NA
D,CC,CCC,C,2,M2,32,5,27
D,CC,CCC,C,2,M2,NA,NA,NA
D,CC,CCC,C,2,M2,NA,NA,NA
D,CC,CCC,C,2,M2,NA,NA,NA
D,CC,CCC,C,2,M2,59,14,45
D,CC,CCC,C,2,M2,72,20,52
D,CC,CCC,C,2,M2,NA,NA,NA
D,CC,CCC,C,2,M2,NA,NA,NA
D,CC,CCC,C,2,M2,NA,NA,NA
D,CC,CCC,C,1,M1,44,0,44
D,CC,CCC,C,1,M1,25,0,25
D,CC,CCC,C,1,M1,21,0,21
D,CC,CCC,C,1,M1,13,0,13
D,CC,CCC,C,1,M1,10,0,10
D,CC,CCC,C,1,M1,NA,NA,NA
D,CC,CCC,C,1,M1,NA,NA,NA
D,CC,CCC,C,1,M1,23,0,23
D,CC,CCC,C,1,M1,24,0,24
D,CC,CCC,C,1,M1,26,0,26
D,CC,CCC,C,2,M1,73,67,6
D,CC,CCC,C,2,M1,40,25,15
D,CC,CCC,C,2,M1,48,33,15
D,CC,CCC,C,2,M1,30,25,5
D,CC,CCC,C,2,M1,NA,NA,NA
D,CC,CCC,C,2,M1,NA,NA,NA
D,CC,CCC,C,2,M1,NA,NA,NA
D,CC,CCC,C,2,M1,NA,NA,NA
D,CC,CCC,C,2,M1,73,66,7
D,CC,CCC,C,2,M1,NA,NA,NA
D,CC,CCV,C,1,M2,NA,NA,NA
D,CC,CCV,C,1,M2,12,10,2
D,CC,CCV,C,1,M2,26,15,11
D,CC,CCV,C,1,M2,NA,NA,NA
D,CC,CCV,C,1,M2,1,0,1
D,CC,CCV,C,1,M2,18,14,4
D,CC,CCV,C,1,M2,8,6,2
D,CC,CCV,C,1,M2,13,5,8
D,CC,CCV,C,1,M2,0,0,0
D,CC,CCV,C,1,M2,NA,NA,NA
D,CC,CCV,C,2,M2,NA,NA,NA
D,CC,CCV,C,2,M2,NA,NA,NA
D,CC,CCV,C,2,M2,22,7,15
D,CC,CCV,C,2,M2,NA,NA,NA
D,CC,CCV,C,2,M2,16,14,2
D,CC,CCV,C,2,M2,41,39,2
D,CC,CCV,C,2,M2,26,17,9
D,CC,CCV,C,2,M2,37,19,18
D,CC,CCV,C,2,M2,0,0,0
D,CC,CCV,C,2,M2,NA,NA,NA
D,CC,CCV,C,1,M1,NA,NA,NA
D,CC,CCV,C,1,M1,2,0,2
D,CC,CCV,C,1,M1,29,0,29
D,CC,CCV,C,1,M1,42,0,42
D,CC,CCV,C,1,M1,0,0,0
D,CC,CCV,C,1,M1,24,0,24
D,CC,CCV,C,1,M1,NA,NA,NA
D,CC,CCV,C,1,M1,31,0,31
D,CC,CCV,C,1,M1,13,0,13
D,CC,CCV,C,1,M1,25,0,25
D,CC,CCV,C,2,M1,NA,NA,NA
D,CC,CCV,C,2,M1,NA,NA,NA
D,CC,CCV,C,2,M1,NA,NA,NA
D,CC,CCV,C,2,M1,70,1,69
D,CC,CCV,C,2,M1,0,0,0
D,CC,CCV,C,2,M1,72,2,70
D,CC,CCV,C,2,M1,NA,NA,NA
D,CC,CCV,C,2,M1,NA,NA,NA
D,CC,CCV,C,2,M1,61,3,58
D,CC,CCV,C,2,M1,64,1,63
D,CV,CVC,C,1,M2,18,1,17
D,CV,CVC,C,1,M2,26,2,24
D,CV,CVC,C,1,M2,24,10,14
D,CV,CVC,C,1,M2,24,0,24
D,CV,CVC,C,1,M2,36,8,28
D,CV,CVC,C,1,M2,NA,NA,NA
D,CV,CVC,C,1,M2,15,0,15
D,CV,CVC,C,1,M2,33,1,32
D,CV,CVC,C,1,M2,17,1,16
D,CV,CVC,C,1,M2,18,1,17
D,CV,CVC,C,2,M2,NA,NA,NA
D,CV,CVC,C,2,M2,57,0,57
D,CV,CVC,C,2,M2,80,0,80
D,CV,CVC,C,2,M2,2,0,2
D,CV,CVC,C,2,M2,85,0,85
D,CV,CVC,C,2,M2,NA,NA,NA
D,CV,CVC,C,2,M2,44,0,44
D,CV,CVC,C,2,M2,66,0,66
D,CV,CVC,C,2,M2,64,0,64
D,CV,CVC,C,2,M2,NA,NA,NA
D,CV,CVC,C,1,M1,NA,NA,NA
D,CV,CVC,C,1,M1,28,0,28
D,CV,CVC,C,1,M1,21,0,21
D,CV,CVC,C,1,M1,NA,NA,NA
D,CV,CVC,C,1,M1,NA,NA,NA
D,CV,CVC,C,1,M1,6,0,6
D,CV,CVC,C,1,M1,NA,NA,NA
D,CV,CVC,C,1,M1,24,0,24
D,CV,CVC,C,1,M1,35,0,35
D,CV,CVC,C,1,M1,NA,NA,NA
D,CV,CVC,C,2,M1,NA,NA,NA
D,CV,CVC,C,2,M1,51,45,6
D,CV,CVC,C,2,M1,62,56,6
D,CV,CVC,C,2,M1,NA,NA,NA
D,CV,CVC,C,2,M1,NA,NA,NA
D,CV,CVC,C,2,M1,NA,NA,NA
D,CV,CVC,C,2,M1,NA,NA,NA
D,CV,CVC,C,2,M1,NA,NA,NA
D,CV,CVC,C,2,M1,69,47,22
D,CV,CVC,C,2,M1,NA,NA,NA
D,CV,CVV,C,1,M2,12,1,11
D,CV,CVV,C,1,M2,14,0,14
D,CV,CVV,C,1,M2,10,1,9
D,CV,CVV,C,1,M2,15,0,15
D,CV,CVV,C,1,M2,27,1,26
D,CV,CVV,C,1,M2,30,1,29
D,CV,CVV,C,1,M2,10,2,8
D,CV,CVV,C,1,M2,28,0,28
D,CV,CVV,C,1,M2,21,0,21
D,CV,CVV,C,1,M2,NA,NA,NA
D,CV,CVV,C,2,M2,NA,NA,NA
D,CV,CVV,C,2,M2,9,0,9
D,CV,CVV,C,2,M2,17,0,17
D,CV,CVV,C,2,M2,4,0,4
D,CV,CVV,C,2,M2,NA,NA,NA
D,CV,CVV,C,2,M2,45,5,40
D,CV,CVV,C,2,M2,34,1,33
D,CV,CVV,C,2,M2,68,0,68
D,CV,CVV,C,2,M2,23,0,23
D,CV,CVV,C,2,M2,NA,NA,NA
D,CV,CVV,C,1,M1,24,0,24
D,CV,CVV,C,1,M1,16,0,16
D,CV,CVV,C,1,M1,17,0,17
D,CV,CVV,C,1,M1,NA,NA,NA
D,CV,CVV,C,1,M1,21,0,21
D,CV,CVV,C,1,M1,16,0,16
D,CV,CVV,C,1,M1,NA,NA,NA
D,CV,CVV,C,1,M1,NA,NA,NA
D,CV,CVV,C,1,M1,17,0,17
D,CV,CVV,C,1,M1,23,0,23
D,CV,CVV,C,2,M1,61,0,61
D,CV,CVV,C,2,M1,71,3,68
D,CV,CVV,C,2,M1,74,0,74
D,CV,CVV,C,2,M1,NA,NA,NA
D,CV,CVV,C,2,M1,NA,NA,NA
D,CV,CVV,C,2,M1,65,1,64
D,CV,CVV,C,2,M1,NA,NA,NA
D,CV,CVV,C,2,M1,NA,NA,NA
D,CV,CVV,C,2,M1,56,4,52
D,CV,CVV,C,2,M1,25,0,25
E,VV,VVV,V,1,CONTROL,NA,NA,NA
E,VV,VVV,V,1,CONTROL,24,11,13
E,VV,VVV,V,1,CONTROL,36,31,5
E,VV,VVV,V,1,CONTROL,10,5,5
E,VV,VVV,V,1,CONTROL,0,0,0
E,VV,VVV,V,1,CONTROL,28,16,12
E,VV,VVV,V,1,CONTROL,36,5,31
E,VV,VVV,V,1,CONTROL,NA,NA,NA
E,VV,VVV,V,1,CONTROL,NA,NA,NA
E,VV,VVV,V,1,CONTROL,NA,NA,NA
E,VV,VVV,V,2,CONTROL,NA,NA,NA
E,VV,VVV,V,2,CONTROL,85,80,5
E,VV,VVV,V,2,CONTROL,90,88,2
E,VV,VVV,V,2,CONTROL,71,62,9
E,VV,VVV,V,2,CONTROL,0,0,0
E,VV,VVV,V,2,CONTROL,82,81,1
E,VV,VVV,V,2,CONTROL,86,48,38
E,VV,VVV,V,2,CONTROL,NA,NA,NA
E,VV,VVV,V,2,CONTROL,NA,NA,NA
E,VV,VVV,V,2,CONTROL,NA,NA,NA
E,VV,VVC,V,1,CONTROL,24,0,24
E,VV,VVC,V,1,CONTROL,57,57,0
E,VV,VVC,V,1,CONTROL,13,7,6
E,VV,VVC,V,1,CONTROL,NA,NA,NA
E,VV,VVC,V,1,CONTROL,21,19,2
E,VV,VVC,V,1,CONTROL,0,0,0
E,VV,VVC,V,1,CONTROL,NA,NA,NA
E,VV,VVC,V,1,CONTROL,35,35,0
E,VV,VVC,V,1,CONTROL,28,27,1
E,VV,VVC,V,1,CONTROL,35,34,1
E,VV,VVC,V,2,CONTROL,51,24,27
E,VV,VVC,V,2,CONTROL,73,31,42
E,VV,VVC,V,2,CONTROL,71,53,18
E,VV,VVC,V,2,CONTROL,NA,NA,NA
E,VV,VVC,V,2,CONTROL,79,40,39
E,VV,VVC,V,2,CONTROL,NA,NA,NA
E,VV,VVC,V,2,CONTROL,NA,NA,NA
E,VV,VVC,V,2,CONTROL,67,52,15
E,VV,VVC,V,2,CONTROL,77,60,17
E,VV,VVC,V,2,CONTROL,NA,NA,NA
E,VC,VCV,V,1,CONTROL,NA,NA,NA
E,VC,VCV,V,1,CONTROL,15,0,15
E,VC,VCV,V,1,CONTROL,19,12,7
E,VC,VCV,V,1,CONTROL,22,8,14
E,VC,VCV,V,1,CONTROL,NA,NA,NA
E,VC,VCV,V,1,CONTROL,41,33,8
E,VC,VCV,V,1,CONTROL,NA,NA,NA
E,VC,VCV,V,1,CONTROL,4,0,4
E,VC,VCV,V,1,CONTROL,25,17,8
E,VC,VCV,V,1,CONTROL,30,0,30
E,VC,VCV,V,2,CONTROL,NA,NA,NA
E,VC,VCV,V,2,CONTROL,75,70,5
E,VC,VCV,V,2,CONTROL,NA,NA,NA
E,VC,VCV,V,2,CONTROL,43,41,2
E,VC,VCV,V,2,CONTROL,NA,NA,NA
E,VC,VCV,V,2,CONTROL,NA,NA,NA
E,VC,VCV,V,2,CONTROL,NA,NA,NA
E,VC,VCV,V,2,CONTROL,NA,NA,NA
E,VC,VCV,V,2,CONTROL,80,61,19
E,VC,VCV,V,2,CONTROL,85,77,8
E,VC,VCC,V,1,CONTROL,NA,NA,NA
E,VC,VCC,V,1,CONTROL,NA,NA,NA
E,VC,VCC,V,1,CONTROL,12,3,9
E,VC,VCC,V,1,CONTROL,NA,NA,NA
E,VC,VCC,V,1,CONTROL,NA,NA,NA
E,VC,VCC,V,1,CONTROL,31,11,20
E,VC,VCC,V,1,CONTROL,NA,NA,NA
E,VC,VCC,V,1,CONTROL,31,15,16
E,VC,VCC,V,1,CONTROL,NA,NA,NA
E,VC,VCC,V,1,CONTROL,NA,NA,NA
E,VC,VCC,V,2,CONTROL,NA,NA,NA
E,VC,VCC,V,2,CONTROL,NA,NA,NA
E,VC,VCC,V,2,CONTROL,86,4,82
E,VC,VCC,V,2,CONTROL,NA,NA,NA
E,VC,VCC,V,2,CONTROL,NA,NA,NA
E,VC,VCC,V,2,CONTROL,57,20,37
E,VC,VCC,V,2,CONTROL,NA,NA,NA
E,VC,VCC,V,2,CONTROL,NA,NA,NA
E,VC,VCC,V,2,CONTROL,NA,NA,NA
E,VC,VCC,V,2,CONTROL,NA,NA,NA
E,VV,VVV,V,1,DOUBLE,NA,NA,NA
E,VV,VVV,V,1,DOUBLE,62,0,62
E,VV,VVV,V,1,DOUBLE,37,0,37
E,VV,VVV,V,1,DOUBLE,21,0,21
E,VV,VVV,V,1,DOUBLE,2,0,2
E,VV,VVV,V,1,DOUBLE,0,0,0
E,VV,VVV,V,1,DOUBLE,NA,NA,NA
E,VV,VVV,V,1,DOUBLE,36,0,36
E,VV,VVV,V,1,DOUBLE,34,0,34
E,VV,VVV,V,1,DOUBLE,19,0,19
E,VV,VVV,V,2,DOUBLE,NA,NA,NA
E,VV,VVV,V,2,DOUBLE,97,0,97
E,VV,VVV,V,2,DOUBLE,100,0,100
E,VV,VVV,V,2,DOUBLE,69,0,69
E,VV,VVV,V,2,DOUBLE,NA,NA,NA
E,VV,VVV,V,2,DOUBLE,NA,NA,NA
E,VV,VVV,V,2,DOUBLE,NA,NA,NA
E,VV,VVV,V,2,DOUBLE,62,0,62
E,VV,VVV,V,2,DOUBLE,80,0,80
E,VV,VVV,V,2,DOUBLE,NA,NA,NA
E,VC,VCC,V,1,DOUBLE,NA,NA,NA
E,VC,VCC,V,1,DOUBLE,NA,NA,NA
E,VC,VCC,V,1,DOUBLE,NA,NA,NA
E,VC,VCC,V,1,DOUBLE,25,0,25
E,VC,VCC,V,1,DOUBLE,NA,NA,NA
E,VC,VCC,V,1,DOUBLE,NA,NA,NA
E,VC,VCC,V,1,DOUBLE,NA,NA,NA
E,VC,VCC,V,1,DOUBLE,NA,NA,NA
E,VC,VCC,V,1,DOUBLE,NA,NA,NA
E,VC,VCC,V,1,DOUBLE,NA,NA,NA
E,VC,VCC,V,2,DOUBLE,NA,NA,NA
E,VC,VCC,V,2,DOUBLE,NA,NA,NA
E,VC,VCC,V,2,DOUBLE,NA,NA,NA
E,VC,VCC,V,2,DOUBLE,82,0,82
E,VC,VCC,V,2,DOUBLE,NA,NA,NA
E,VC,VCC,V,2,DOUBLE,NA,NA,NA
E,VC,VCC,V,2,DOUBLE,NA,NA,NA
E,VC,VCC,V,2,DOUBLE,NA,NA,NA
E,VC,VCC,V,2,DOUBLE,NA,NA,NA
E,VC,VCC,V,2,DOUBLE,NA,NA,NA
E,VV,VVV,V,1,M2,0,0,0
E,VV,VVV,V,1,M2,34,34,0
E,VV,VVV,V,1,M2,23,20,3
E,VV,VVV,V,1,M2,30,24,6
E,VV,VVV,V,1,M2,31,17,14
E,VV,VVV,V,1,M2,14,11,3
E,VV,VVV,V,1,M2,16,15,1
E,VV,VVV,V,1,M2,8,6,2
E,VV,VVV,V,1,M2,NA,NA,NA
E,VV,VVV,V,1,M2,42,41,1
E,VV,VVV,V,2,M2,NA,NA,NA
E,VV,VVV,V,2,M2,85,29,56
E,VV,VVV,V,2,M2,52,20,32
E,VV,VVV,V,2,M2,77,8,69
E,VV,VVV,V,2,M2,86,18,68
E,VV,VVV,V,2,M2,84,8,76
E,VV,VVV,V,2,M2,78,33,45
E,VV,VVV,V,2,M2,0,0,0
E,VV,VVV,V,2,M2,NA,NA,NA
E,VV,VVV,V,2,M2,71,42,29
E,VV,VVV,V,1,M1,NA,NA,NA
E,VV,VVV,V,1,M1,10,0,10
E,VV,VVV,V,1,M1,30,0,30
E,VV,VVV,V,1,M1,23,0,23
E,VV,VVV,V,1,M1,4,0,4
E,VV,VVV,V,1,M1,NA,NA,NA
E,VV,VVV,V,1,M1,17,0,17
E,VV,VVV,V,1,M1,18,0,18
E,VV,VVV,V,1,M1,20,0,20
E,VV,VVV,V,1,M1,NA,NA,NA
E,VV,VVV,V,2,M1,NA,NA,NA
E,VV,VVV,V,2,M1,53,49,4
E,VV,VVV,V,2,M1,66,57,9
E,VV,VVV,V,2,M1,NA,NA,NA
E,VV,VVV,V,2,M1,NA,NA,NA
E,VV,VVV,V,2,M1,NA,NA,NA
E,VV,VVV,V,2,M1,31,0,31
E,VV,VVV,V,2,M1,68,58,10
E,VV,VVV,V,2,M1,NA,NA,NA
E,VV,VVV,V,2,M1,NA,NA,NA
E,VV,VVC,V,1,M2,4,0,4
E,VV,VVC,V,1,M2,8,7,1
E,VV,VVC,V,1,M2,18,16,2
E,VV,VVC,V,1,M2,NA,NA,NA
E,VV,VVC,V,1,M2,12,9,3
E,VV,VVC,V,1,M2,35,34,1
E,VV,VVC,V,1,M2,12,12,0
E,VV,VVC,V,1,M2,19,18,1
E,VV,VVC,V,1,M2,NA,NA,NA
E,VV,VVC,V,1,M2,NA,NA,NA
E,VV,VVC,V,2,M2,66,0,66
E,VV,VVC,V,2,M2,NA,NA,NA
E,VV,VVC,V,2,M2,42,29,13
E,VV,VVC,V,2,M2,NA,NA,NA
E,VV,VVC,V,2,M2,74,37,37
E,VV,VVC,V,2,M2,82,39,43
E,VV,VVC,V,2,M2,73,66,7
E,VV,VVC,V,2,M2,65,14,51
E,VV,VVC,V,2,M2,NA,NA,NA
E,VV,VVC,V,2,M2,NA,NA,NA
E,VV,VVC,V,1,M1,NA,NA,NA
E,VV,VVC,V,1,M1,NA,NA,NA
E,VV,VVC,V,1,M1,NA,NA,NA
E,VV,VVC,V,1,M1,NA,NA,NA
E,VV,VVC,V,1,M1,NA,NA,NA
E,VV,VVC,V,1,M1,26,0,26
E,VV,VVC,V,1,M1,19,0,19
E,VV,VVC,V,2,M1,NA,NA,NA
E,VV,VVC,V,2,M1,NA,NA,NA
E,VV,VVC,V,2,M1,NA,NA,NA
E,VV,VVC,V,2,M1,NA,NA,NA
E,VV,VVC,V,2,M1,NA,NA,NA
E,VV,VVC,V,2,M1,0,0,0
E,VV,VVC,V,2,M1,NA,NA,NA
E,VC,VCV,V,1,M2,31,11,20
E,VC,VCV,V,1,M2,9,3,6
E,VC,VCV,V,1,M2,6,5,1
E,VC,VCV,V,1,M2,19,6,13
E,VC,VCV,V,1,M2,0,0,0
E,VC,VCV,V,1,M2,NA,NA,NA
E,VC,VCV,V,1,M2,8,3,5
E,VC,VCV,V,1,M2,NA,NA,NA
E,VC,VCV,V,1,M2,0,0,0
E,VC,VCV,V,1,M2,20,0,20
E,VC,VCV,V,2,M2,NA,NA,NA
E,VC,VCV,V,2,M2,51,47,4
E,VC,VCV,V,2,M2,57,6,51
E,VC,VCV,V,2,M2,66,3,63
E,VC,VCV,V,2,M2,1,0,1
E,VC,VCV,V,2,M2,NA,NA,NA
E,VC,VCV,V,2,M2,22,4,18
E,VC,VCV,V,2,M2,NA,NA,NA
E,VC,VCV,V,2,M2,0,0,0
E,VC,VCV,V,2,M2,60,15,45
E,VC,VCV,V,1,M1,NA,NA,NA
E,VC,VCV,V,1,M1,20,0,20
E,VC,VCV,V,1,M1,22,0,22
E,VC,VCV,V,1,M1,NA,NA,NA
E,VC,VCV,V,1,M1,NA,NA,NA
E,VC,VCV,V,1,M1,NA,NA,NA
E,VC,VCV,V,1,M1,NA,NA,NA
E,VC,VCV,V,1,M1,NA,NA,NA
E,VC,VCV,V,1,M1,NA,NA,NA
E,VC,VCV,V,2,M1,NA,NA,NA
E,VC,VCV,V,2,M1,NA,NA,NA
E,VC,VCV,V,2,M1,82,44,38
E,VC,VCV,V,2,M1,NA,NA,NA
E,VC,VCV,V,2,M1,NA,NA,NA
E,VC,VCV,V,2,M1,NA,NA,NA
E,VC,VCV,V,2,M1,NA,NA,NA
E,VC,VCV,V,2,M1,NA,NA,NA
E,VC,VCV,V,2,M1,NA,NA,NA
E,VC,VCC,V,1,M2,NA,NA,NA
E,VC,VCC,V,1,M2,28,27,1
E,VC,VCC,V,1,M2,0,0,0
E,VC,VCC,V,1,M2,NA,NA,NA
E,VC,VCC,V,1,M2,19,13,6
E,VC,VCC,V,1,M2,NA,NA,NA
E,VC,VCC,V,1,M2,8,2,6
E,VC,VCC,V,1,M2,NA,NA,NA
E,VC,VCC,V,1,M2,NA,NA,NA
E,VC,VCC,V,1,M2,39,26,13
E,VC,VCC,V,2,M2,NA,NA,NA
E,VC,VCC,V,2,M2,NA,NA,NA
E,VC,VCC,V,2,M2,NA,NA,NA
E,VC,VCC,V,2,M2,NA,NA,NA
E,VC,VCC,V,2,M2,83,19,64
E,VC,VCC,V,2,M2,NA,NA,NA
E,VC,VCC,V,2,M2,0,0,0
E,VC,VCC,V,2,M2,NA,NA,NA
E,VC,VCC,V,2,M2,NA,NA,NA
E,VC,VCC,V,2,M2,72,9,63
E,VC,VCC,V,1,M1,NA,NA,NA
E,VC,VCC,V,1,M1,NA,NA,NA
E,VC,VCC,V,1,M1,34,0,34
E,VC,VCC,V,1,M1,21,0,21
E,VC,VCC,V,1,M1,NA,NA,NA
E,VC,VCC,V,1,M1,NA,NA,NA
E,VC,VCC,V,1,M1,13,0,13
E,VC,VCC,V,1,M1,20,0,20
E,VC,VCC,V,1,M1,NA,NA,NA
E,VC,VCC,V,1,M1,22,0,22
E,VC,VCC,V,2,M1,NA,NA,NA
E,VC,VCC,V,2,M1,NA,NA,NA
E,VC,VCC,V,2,M1,67,27,40
E,VC,VCC,V,2,M1,19,18,1
E,VC,VCC,V,2,M1,NA,NA,NA
E,VC,VCC,V,2,M1,NA,NA,NA
E,VC,VCC,V,2,M1,30,10,20
E,VC,VCC,V,2,M1,41,21,20
E,VC,VCC,V,2,M1,NA,NA,NA
E,VC,VCC,V,2,M1,67,14,53
F,CC,CCC,C,1,CONTROL,44,39,5
F,CC,CCC,C,1,CONTROL,44,34,10
F,CC,CCC,C,1,CONTROL,28,28,0
F,CC,CCC,C,1,CONTROL,59,52,7
F,CC,CCC,C,1,CONTROL,22,0,22
F,CC,CCC,C,1,CONTROL,39,38,1
F,CC,CCC,C,1,CONTROL,49,48,1
F,CC,CCC,C,1,CONTROL,33,32,1
F,CC,CCC,C,1,CONTROL,38,37,1
F,CC,CCC,C,1,CONTROL,53,53,0
F,CC,CCC,C,2,CONTROL,59,51,8
F,CC,CCC,C,2,CONTROL,NA,NA,NA
F,CC,CCC,C,2,CONTROL,NA,NA,NA
F,CC,CCC,C,2,CONTROL,77,66,11
F,CC,CCC,C,2,CONTROL,50,36,14
F,CC,CCC,C,2,CONTROL,NA,NA,NA
F,CC,CCC,C,2,CONTROL,62,49,13
F,CC,CCC,C,2,CONTROL,NA,NA,NA
F,CC,CCC,C,2,CONTROL,NA,NA,NA
F,CC,CCC,C,2,CONTROL,NA,NA,NA
F,CC,CCV,C,1,CONTROL,48,47,1
F,CC,CCV,C,1,CONTROL,45,0,45
F,CC,CCV,C,1,CONTROL,43,36,7
F,CC,CCV,C,1,CONTROL,NA,NA,NA
F,CC,CCV,C,1,CONTROL,32,32,0
F,CC,CCV,C,1,CONTROL,46,45,1
F,CC,CCV,C,1,CONTROL,19,17,2
F,CC,CCV,C,1,CONTROL,45,0,45
F,CC,CCV,C,1,CONTROL,NA,NA,NA
F,CC,CCV,C,1,CONTROL,32,27,5
F,CC,CCV,C,2,CONTROL,NA,NA,NA
F,CC,CCV,C,2,CONTROL,59,1,58
F,CC,CCV,C,2,CONTROL,55,22,33
F,CC,CCV,C,2,CONTROL,NA,NA,NA
F,CC,CCV,C,2,CONTROL,65,46,19
F,CC,CCV,C,2,CONTROL,64,38,26
F,CC,CCV,C,2,CONTROL,NA,NA,NA
F,CC,CCV,C,2,CONTROL,70,41,29
F,CC,CCV,C,2,CONTROL,NA,NA,NA
F,CC,CCV,C,2,CONTROL,NA,NA,NA
F,CV,CVC,C,1,CONTROL,24,0,24
F,CV,CVC,C,1,CONTROL,23,3,20
F,CV,CVC,C,1,CONTROL,53,0,53
F,CV,CVC,C,1,CONTROL,17,1,16
F,CV,CVC,C,1,CONTROL,10,0,10
F,CV,CVC,C,1,CONTROL,54,5,49
F,CV,CVC,C,1,CONTROL,23,0,23
F,CV,CVC,C,1,CONTROL,34,1,33
F,CV,CVC,C,1,CONTROL,28,0,28
F,CV,CVC,C,1,CONTROL,27,8,19
F,CV,CVC,C,2,CONTROL,58,50,8
F,CV,CVC,C,2,CONTROL,50,44,6
F,CV,CVC,C,2,CONTROL,NA,NA,NA
F,CV,CVC,C,2,CONTROL,63,56,7
F,CV,CVC,C,2,CONTROL,59,49,10
F,CV,CVC,C,2,CONTROL,75,62,13
F,CV,CVC,C,2,CONTROL,58,48,10
F,CV,CVC,C,2,CONTROL,69,53,16
F,CV,CVC,C,2,CONTROL,52,33,19
F,CV,CVC,C,2,CONTROL,66,42,24
F,CV,CVV,C,1,CONTROL,34,2,32
F,CV,CVV,C,1,CONTROL,46,7,39
F,CV,CVV,C,1,CONTROL,24,1,23
F,CV,CVV,C,1,CONTROL,31,1,30
F,CV,CVV,C,1,CONTROL,42,1,41
F,CV,CVV,C,1,CONTROL,34,3,31
F,CV,CVV,C,1,CONTROL,8,1,7
F,CV,CVV,C,1,CONTROL,NA,NA,NA
F,CV,CVV,C,1,CONTROL,12,0,12
F,CV,CVV,C,1,CONTROL,8,0,8
F,CV,CVV,C,2,CONTROL,55,4,51
F,CV,CVV,C,2,CONTROL,NA,NA,NA
F,CV,CVV,C,2,CONTROL,44,5,39
F,CV,CVV,C,2,CONTROL,55,1,54
F,CV,CVV,C,2,CONTROL,58,9,49
F,CV,CVV,C,2,CONTROL,58,6,52
F,CV,CVV,C,2,CONTROL,NA,NA,NA
F,CV,CVV,C,2,CONTROL,NA,NA,NA
F,CV,CVV,C,2,CONTROL,67,1,66
F,CV,CVV,C,2,CONTROL,NA,NA,NA
F,CC,CCC,C,1,DOUBLE,6,0,6
F,CC,CCC,C,1,DOUBLE,31,0,31
F,CC,CCC,C,1,DOUBLE,34,0,34
F,CC,CCC,C,1,DOUBLE,22,0,22
F,CC,CCC,C,1,DOUBLE,43,0,43
F,CC,CCC,C,1,DOUBLE,47,0,47
F,CC,CCC,C,1,DOUBLE,NA,NA,NA
F,CC,CCC,C,1,DOUBLE,7,0,7
F,CC,CCC,C,1,DOUBLE,37,0,37
F,CC,CCC,C,1,DOUBLE,41,0,41
F,CC,CCC,C,2,DOUBLE,24,0,24
F,CC,CCC,C,2,DOUBLE,NA,NA,NA
F,CC,CCC,C,2,DOUBLE,57,0,57
F,CC,CCC,C,2,DOUBLE,58,0,58
F,CC,CCC,C,2,DOUBLE,71,0,71
F,CC,CCC,C,2,DOUBLE,71,0,71
F,CC,CCC,C,2,DOUBLE,NA,NA,NA
F,CC,CCC,C,2,DOUBLE,44,0,44
F,CC,CCC,C,2,DOUBLE,NA,NA,NA
F,CC,CCC,C,2,DOUBLE,70,0,70
F,CV,CVV,C,1,DOUBLE,49,0,49
F,CV,CVV,C,1,DOUBLE,33,0,33
F,CV,CVV,C,1,DOUBLE,22,0,22
F,CV,CVV,C,1,DOUBLE,19,0,19
F,CV,CVV,C,1,DOUBLE,26,0,26
F,CV,CVV,C,1,DOUBLE,22,0,22
F,CV,CVV,C,1,DOUBLE,35,0,35
F,CV,CVV,C,1,DOUBLE,NA,NA,NA
F,CV,CVV,C,1,DOUBLE,NA,NA,NA
F,CV,CVV,C,1,DOUBLE,NA,NA,NA
F,CV,CVV,C,2,DOUBLE,93,0,93
F,CV,CVV,C,2,DOUBLE,65,0,65
F,CV,CVV,C,2,DOUBLE,46,0,46
F,CV,CVV,C,2,DOUBLE,44,0,44
F,CV,CVV,C,2,DOUBLE,50,0,50
F,CV,CVV,C,2,DOUBLE,56,0,56
F,CV,CVV,C,2,DOUBLE,NA,NA,NA
F,CV,CVV,C,2,DOUBLE,NA,NA,NA
F,CV,CVV,C,2,DOUBLE,NA,NA,NA
F,CV,CVV,C,2,DOUBLE,NA,NA,NA
F,CC,CCC,C,1,M2,4,2,2
F,CC,CCC,C,1,M2,34,32,2
F,CC,CCC,C,1,M2,11,11,0
F,CC,CCC,C,1,M2,30,29,1
F,CC,CCC,C,1,M2,18,14,4
F,CC,CCC,C,1,M2,36,31,5
F,CC,CCC,C,1,M2,31,0,31
F,CC,CCC,C,1,M2,26,0,26
F,CC,CCC,C,1,M2,NA,NA,NA
F,CC,CCC,C,1,M2,46,45,1
F,CC,CCC,C,2,M2,NA,NA,NA
F,CC,CCC,C,2,M2,61,32,29
F,CC,CCC,C,2,M2,49,0,49
F,CC,CCC,C,2,M2,59,26,33
F,CC,CCC,C,2,M2,54,10,44
F,CC,CCC,C,2,M2,NA,NA,NA
F,CC,CCC,C,2,M2,74,0,74
F,CC,CCC,C,2,M2,66,0,66
F,CC,CCC,C,2,M2,NA,NA,NA
F,CC,CCC,C,2,M2,63,10,53
F,CC,CCC,C,1,M1,24,0,24
F,CC,CCC,C,1,M1,14,0,14
F,CC,CCC,C,1,M1,12,0,12
F,CC,CCC,C,1,M1,21,0,21
F,CC,CCC,C,1,M1,0,0,0
F,CC,CCC,C,1,M1,NA,NA,NA
F,CC,CCC,C,1,M1,32,0,32
F,CC,CCC,C,1,M1,NA,NA,NA
F,CC,CCC,C,1,M1,35,0,35
F,CC,CCC,C,1,M1,30,0,30
F,CC,CCC,C,2,M1,74,59,15
F,CC,CCC,C,2,M1,61,2,59
F,CC,CCC,C,2,M1,51,45,6
F,CC,CCC,C,2,M1,NA,NA,NA
F,CC,CCC,C,2,M1,NA,NA,NA
F,CC,CCC,C,2,M1,NA,NA,NA
F,CC,CCC,C,2,M1,83,71,12
F,CC,CCC,C,2,M1,NA,NA,NA
F,CC,CCC,C,2,M1,61,52,9
F,CC,CCC,C,2,M1,NA,NA,NA
F,CC,CCV,C,1,M2,35,20,15
F,CC,CCV,C,1,M2,NA,NA,NA
F,CC,CCV,C,1,M2,NA,NA,NA
F,CC,CCV,C,1,M2,19,18,1
F,CC,CCV,C,1,M2,NA,NA,NA
F,CC,CCV,C,1,M2,49,48,1
F,CC,CCV,C,1,M2,NA,NA,NA
F,CC,CCV,C,1,M2,36,36,0
F,CC,CCV,C,1,M2,34,34,0
F,CC,CCV,C,1,M2,NA,NA,NA
F,CC,CCV,C,2,M2,53,26,27
F,CC,CCV,C,2,M2,NA,NA,NA
F,CC,CCV,C,2,M2,NA,NA,NA
F,CC,CCV,C,2,M2,44,30,14
F,CC,CCV,C,2,M2,NA,NA,NA
F,CC,CCV,C,2,M2,66,41,25
F,CC,CCV,C,2,M2,NA,NA,NA
F,CC,CCV,C,2,M2,NA,NA,NA
F,CC,CCV,C,2,M2,17,2,15
F,CC,CCV,C,2,M2,NA,NA,NA
F,CC,CCV,C,1,M1,10,0,10
F,CC,CCV,C,1,M1,NA,NA,NA
F,CC,CCV,C,1,M1,NA,NA,NA
F,CC,CCV,C,1,M1,NA,NA,NA
F,CC,CCV,C,1,M1,25,0,25
F,CC,CCV,C,1,M1,41,0,41
F,CC,CCV,C,1,M1,19,0,19
F,CC,CCV,C,1,M1,35,0,35
F,CC,CCV,C,1,M1,25,0,25
F,CC,CCV,C,1,M1,36,0,36
F,CC,CCV,C,2,M1,5,0,5
F,CC,CCV,C,2,M1,NA,NA,NA
F,CC,CCV,C,2,M1,NA,NA,NA
F,CC,CCV,C,2,M1,NA,NA,NA
F,CC,CCV,C,2,M1,NA,NA,NA
F,CC,CCV,C,2,M1,50,0,50
F,CC,CCV,C,2,M1,NA,NA,NA
F,CC,CCV,C,2,M1,NA,NA,NA
F,CC,CCV,C,2,M1,69,0,69
F,CC,CCV,C,2,M1,69,2,67
F,CV,CVC,C,1,M2,0,0,0
F,CV,CVC,C,1,M2,37,6,31
F,CV,CVC,C,1,M2,0,0,0
F,CV,CVC,C,1,M2,33,0,33
F,CV,CVC,C,1,M2,8,0,8
F,CV,CVC,C,1,M2,0,0,0
F,CV,CVC,C,1,M2,0,0,0
F,CV,CVC,C,1,M2,18,0,18
F,CV,CVC,C,1,M2,47,7,40
F,CV,CVC,C,1,M2,35,3,32
F,CV,CVC,C,2,M2,0,0,0
F,CV,CVC,C,2,M2,60,3,57
F,CV,CVC,C,2,M2,0,0,0
F,CV,CVC,C,2,M2,63,2,61
F,CV,CVC,C,2,M2,NA,NA,NA
F,CV,CVC,C,2,M2,NA,NA,NA
F,CV,CVC,C,2,M2,NA,NA,NA
F,CV,CVC,C,2,M2,52,0,52
F,CV,CVC,C,2,M2,81,3,78
F,CV,CVC,C,2,M2,70,0,70
F,CV,CVC,C,1,M1,28,0,28
F,CV,CVC,C,1,M1,NA,NA,NA
F,CV,CVC,C,1,M1,33,0,33
F,CV,CVC,C,1,M1,10,0,10
F,CV,CVC,C,1,M1,32,0,32
F,CV,CVC,C,1,M1,6,0,6
F,CV,CVC,C,1,M1,10,0,10
F,CV,CVC,C,1,M1,25,0,25
F,CV,CVC,C,1,M1,NA,NA,NA
F,CV,CVC,C,2,M1,28,9,19
F,CV,CVC,C,2,M1,NA,NA,NA
F,CV,CVC,C,2,M1,53,43,10
F,CV,CVC,C,2,M1,17,15,2
F,CV,CVC,C,2,M1,58,52,6
F,CV,CVC,C,2,M1,3,3,0
F,CV,CVC,C,2,M1,52,41,11
F,CV,CVC,C,2,M1,NA,NA,NA
F,CV,CVC,C,2,M1,NA,NA,NA
F,CV,CVV,C,1,M2,16,0,16
F,CV,CVV,C,1,M2,41,5,36
F,CV,CVV,C,1,M2,NA,NA,NA
F,CV,CVV,C,1,M2,0,0,0
F,CV,CVV,C,1,M2,6,1,5
F,CV,CVV,C,1,M2,5,NA,NA
F,CV,CVV,C,1,M2,41,3,38
F,CV,CVV,C,1,M2,27,2,25
F,CV,CVV,C,1,M2,34,2,32
F,CV,CVV,C,1,M2,8,0,8
F,CV,CVV,C,2,M2,NA,NA,NA
F,CV,CVV,C,2,M2,67,2,65
F,CV,CVV,C,2,M2,NA,NA,NA
F,CV,CVV,C,2,M2,NA,NA,NA
F,CV,CVV,C,2,M2,NA,NA,NA
F,CV,CVV,C,2,M2,NA,NA,NA
F,CV,CVV,C,2,M2,NA,NA,NA
F,CV,CVV,C,2,M2,67,1,66
F,CV,CVV,C,2,M2,64,0,64
F,CV,CVV,C,2,M2,57,4,53
F,CV,CVV,C,1,M1,NA,NA,NA
F,CV,CVV,C,1,M1,26,0,26
F,CV,CVV,C,1,M1,18,0,18
F,CV,CVV,C,1,M1,31,0,31
F,CV,CVV,C,1,M1,NA,NA,NA
F,CV,CVV,C,1,M1,32,0,32
F,CV,CVV,C,1,M1,NA,NA,NA
F,CV,CVV,C,1,M1,33,0,33
F,CV,CVV,C,1,M1,15,0,15
F,CV,CVV,C,1,M1,22,0,22
F,CV,CVV,C,2,M1,NA,NA,NA
F,CV,CVV,C,2,M1,NA,NA,NA
F,CV,CVV,C,2,M1,70,11,59
F,CV,CVV,C,2,M1,72,6,66
F,CV,CVV,C,2,M1,NA,NA,NA
F,CV,CVV,C,2,M1,65,5,60
F,CV,CVV,C,2,M1,NA,NA,NA
F,CV,CVV,C,2,M1,70,8,62
F,CV,CVV,C,2,M1,45,0,45
F,CV,CVV,C,2,M1,NA,NA,NA